Copyright 1986-2022 Xilinx, Inc. All Rights Reserved. Copyright 2022-2023 Advanced Micro Devices, Inc. All Rights Reserved.
---------------------------------------------------------------------------------------------------------------------------------------------------------------------------------
| Tool Version : Vivado v.2023.2 (win64) Build 4029153 Fri Oct 13 20:14:34 MDT 2023
| Date         : Tue Mar 31 01:16:52 2026
| Host         : DESKTOP-6QOLK3M running 64-bit major release  (build 9200)
| Command      : report_bus_skew -warn_on_violation -file design_1_wrapper_bus_skew_routed.rpt -pb design_1_wrapper_bus_skew_routed.pb -rpx design_1_wrapper_bus_skew_routed.rpx
| Design       : design_1_wrapper
| Device       : 7z010-clg400
| Speed File   : -1  PRODUCTION 1.12 2019-11-22
| Design State : Routed
---------------------------------------------------------------------------------------------------------------------------------------------------------------------------------

Bus Skew Report

Table of Contents
-----------------
1. Bus Skew Report Summary
2. Bus Skew Report Per Constraint

1. Bus Skew Report Summary
--------------------------

Id  Position  From                            To                              Corner  Requirement(ns)  Actual(ns)  Slack(ns)
--  --------  ------------------------------  ------------------------------  ------  ---------------  ----------  ---------
1   18        [get_cells [list {design_1_i/d_axi_i2s_audio_0/U0/d_axi_i2s_audio_v2_0_AXI_L_inst/Inst_I2sCtl/Inst_Sampling/U0/inst_fifo_gen/gconvfifo.rf/grf.rf/gntv_or_sync_fifo.gcx.clkx/rd_pntr_cdc_inst/src_gray_ff_reg[0]} {design_1_i/d_axi_i2s_audio_0/U0/d_axi_i2s_audio_v2_0_AXI_L_inst/Inst_I2sCtl/Inst_Sampling/U0/inst_fifo_gen/gconvfifo.rf/grf.rf/gntv_or_sync_fifo.gcx.clkx/rd_pntr_cdc_inst/src_gray_ff_reg[1]} {design_1_i/d_axi_i2s_audio_0/U0/d_axi_i2s_audio_v2_0_AXI_L_inst/Inst_I2sCtl/Inst_Sampling/U0/inst_fifo_gen/gconvfifo.rf/grf.rf/gntv_or_sync_fifo.gcx.clkx/rd_pntr_cdc_inst/src_gray_ff_reg[2]} {design_1_i/d_axi_i2s_audio_0/U0/d_axi_i2s_audio_v2_0_AXI_L_inst/Inst_I2sCtl/Inst_Sampling/U0/inst_fifo_gen/gconvfifo.rf/grf.rf/gntv_or_sync_fifo.gcx.clkx/rd_pntr_cdc_inst/src_gray_ff_reg[3]}]]
                                              [get_cells [list {design_1_i/d_axi_i2s_audio_0/U0/d_axi_i2s_audio_v2_0_AXI_L_inst/Inst_I2sCtl/Inst_Sampling/U0/inst_fifo_gen/gconvfifo.rf/grf.rf/gntv_or_sync_fifo.gcx.clkx/rd_pntr_cdc_inst/dest_graysync_ff_reg[0][0]} {design_1_i/d_axi_i2s_audio_0/U0/d_axi_i2s_audio_v2_0_AXI_L_inst/Inst_I2sCtl/Inst_Sampling/U0/inst_fifo_gen/gconvfifo.rf/grf.rf/gntv_or_sync_fifo.gcx.clkx/rd_pntr_cdc_inst/dest_graysync_ff_reg[0][1]} {design_1_i/d_axi_i2s_audio_0/U0/d_axi_i2s_audio_v2_0_AXI_L_inst/Inst_I2sCtl/Inst_Sampling/U0/inst_fifo_gen/gconvfifo.rf/grf.rf/gntv_or_sync_fifo.gcx.clkx/rd_pntr_cdc_inst/dest_graysync_ff_reg[0][2]} {design_1_i/d_axi_i2s_audio_0/U0/d_axi_i2s_audio_v2_0_AXI_L_inst/Inst_I2sCtl/Inst_Sampling/U0/inst_fifo_gen/gconvfifo.rf/grf.rf/gntv_or_sync_fifo.gcx.clkx/rd_pntr_cdc_inst/dest_graysync_ff_reg[0][3]}]]
                                                                              Slow             10.000       0.712      9.288
2   20        [get_cells [list {design_1_i/d_axi_i2s_audio_0/U0/d_axi_i2s_audio_v2_0_AXI_L_inst/Inst_I2sCtl/Inst_Sampling/U0/inst_fifo_gen/gconvfifo.rf/grf.rf/gntv_or_sync_fifo.gcx.clkx/wr_pntr_cdc_inst/src_gray_ff_reg[0]} {design_1_i/d_axi_i2s_audio_0/U0/d_axi_i2s_audio_v2_0_AXI_L_inst/Inst_I2sCtl/Inst_Sampling/U0/inst_fifo_gen/gconvfifo.rf/grf.rf/gntv_or_sync_fifo.gcx.clkx/wr_pntr_cdc_inst/src_gray_ff_reg[1]} {design_1_i/d_axi_i2s_audio_0/U0/d_axi_i2s_audio_v2_0_AXI_L_inst/Inst_I2sCtl/Inst_Sampling/U0/inst_fifo_gen/gconvfifo.rf/grf.rf/gntv_or_sync_fifo.gcx.clkx/wr_pntr_cdc_inst/src_gray_ff_reg[2]} {design_1_i/d_axi_i2s_audio_0/U0/d_axi_i2s_audio_v2_0_AXI_L_inst/Inst_I2sCtl/Inst_Sampling/U0/inst_fifo_gen/gconvfifo.rf/grf.rf/gntv_or_sync_fifo.gcx.clkx/wr_pntr_cdc_inst/src_gray_ff_reg[3]}]]
                                              [get_cells [list {design_1_i/d_axi_i2s_audio_0/U0/d_axi_i2s_audio_v2_0_AXI_L_inst/Inst_I2sCtl/Inst_Sampling/U0/inst_fifo_gen/gconvfifo.rf/grf.rf/gntv_or_sync_fifo.gcx.clkx/wr_pntr_cdc_inst/dest_graysync_ff_reg[0][0]} {design_1_i/d_axi_i2s_audio_0/U0/d_axi_i2s_audio_v2_0_AXI_L_inst/Inst_I2sCtl/Inst_Sampling/U0/inst_fifo_gen/gconvfifo.rf/grf.rf/gntv_or_sync_fifo.gcx.clkx/wr_pntr_cdc_inst/dest_graysync_ff_reg[0][1]} {design_1_i/d_axi_i2s_audio_0/U0/d_axi_i2s_audio_v2_0_AXI_L_inst/Inst_I2sCtl/Inst_Sampling/U0/inst_fifo_gen/gconvfifo.rf/grf.rf/gntv_or_sync_fifo.gcx.clkx/wr_pntr_cdc_inst/dest_graysync_ff_reg[0][2]} {design_1_i/d_axi_i2s_audio_0/U0/d_axi_i2s_audio_v2_0_AXI_L_inst/Inst_I2sCtl/Inst_Sampling/U0/inst_fifo_gen/gconvfifo.rf/grf.rf/gntv_or_sync_fifo.gcx.clkx/wr_pntr_cdc_inst/dest_graysync_ff_reg[0][3]}]]
                                                                              Slow             10.000       0.686      9.314
3   22        [get_cells [list {design_1_i/d_axi_i2s_audio_0/U0/d_axi_i2s_audio_v2_0_AXI_L_inst/Inst_I2sCtl/Inst_I2sRxFifo/U0/inst_fifo_gen/gconvfifo.rf/grf.rf/gntv_or_sync_fifo.gcx.clkx/rd_pntr_cdc_inst/src_gray_ff_reg[0]} \
          {design_1_i/d_axi_i2s_audio_0/U0/d_axi_i2s_audio_v2_0_AXI_L_inst/Inst_I2sCtl/Inst_I2sRxFifo/U0/inst_fifo_gen/gconvfifo.rf/grf.rf/gntv_or_sync_fifo.gcx.clkx/rd_pntr_cdc_inst/src_gray_ff_reg[10]} \
          {design_1_i/d_axi_i2s_audio_0/U0/d_axi_i2s_audio_v2_0_AXI_L_inst/Inst_I2sCtl/Inst_I2sRxFifo/U0/inst_fifo_gen/gconvfifo.rf/grf.rf/gntv_or_sync_fifo.gcx.clkx/rd_pntr_cdc_inst/src_gray_ff_reg[11]} \
          {design_1_i/d_axi_i2s_audio_0/U0/d_axi_i2s_audio_v2_0_AXI_L_inst/Inst_I2sCtl/Inst_I2sRxFifo/U0/inst_fifo_gen/gconvfifo.rf/grf.rf/gntv_or_sync_fifo.gcx.clkx/rd_pntr_cdc_inst/src_gray_ff_reg[1]} \
          {design_1_i/d_axi_i2s_audio_0/U0/d_axi_i2s_audio_v2_0_AXI_L_inst/Inst_I2sCtl/Inst_I2sRxFifo/U0/inst_fifo_gen/gconvfifo.rf/grf.rf/gntv_or_sync_fifo.gcx.clkx/rd_pntr_cdc_inst/src_gray_ff_reg[2]} \
          {design_1_i/d_axi_i2s_audio_0/U0/d_axi_i2s_audio_v2_0_AXI_L_inst/Inst_I2sCtl/Inst_I2sRxFifo/U0/inst_fifo_gen/gconvfifo.rf/grf.rf/gntv_or_sync_fifo.gcx.clkx/rd_pntr_cdc_inst/src_gray_ff_reg[3]} \
          {design_1_i/d_axi_i2s_audio_0/U0/d_axi_i2s_audio_v2_0_AXI_L_inst/Inst_I2sCtl/Inst_I2sRxFifo/U0/inst_fifo_gen/gconvfifo.rf/grf.rf/gntv_or_sync_fifo.gcx.clkx/rd_pntr_cdc_inst/src_gray_ff_reg[4]} \
          {design_1_i/d_axi_i2s_audio_0/U0/d_axi_i2s_audio_v2_0_AXI_L_inst/Inst_I2sCtl/Inst_I2sRxFifo/U0/inst_fifo_gen/gconvfifo.rf/grf.rf/gntv_or_sync_fifo.gcx.clkx/rd_pntr_cdc_inst/src_gray_ff_reg[5]} \
          {design_1_i/d_axi_i2s_audio_0/U0/d_axi_i2s_audio_v2_0_AXI_L_inst/Inst_I2sCtl/Inst_I2sRxFifo/U0/inst_fifo_gen/gconvfifo.rf/grf.rf/gntv_or_sync_fifo.gcx.clkx/rd_pntr_cdc_inst/src_gray_ff_reg[6]} \
          {design_1_i/d_axi_i2s_audio_0/U0/d_axi_i2s_audio_v2_0_AXI_L_inst/Inst_I2sCtl/Inst_I2sRxFifo/U0/inst_fifo_gen/gconvfifo.rf/grf.rf/gntv_or_sync_fifo.gcx.clkx/rd_pntr_cdc_inst/src_gray_ff_reg[7]} \
          {design_1_i/d_axi_i2s_audio_0/U0/d_axi_i2s_audio_v2_0_AXI_L_inst/Inst_I2sCtl/Inst_I2sRxFifo/U0/inst_fifo_gen/gconvfifo.rf/grf.rf/gntv_or_sync_fifo.gcx.clkx/rd_pntr_cdc_inst/src_gray_ff_reg[8]} \
          {design_1_i/d_axi_i2s_audio_0/U0/d_axi_i2s_audio_v2_0_AXI_L_inst/Inst_I2sCtl/Inst_I2sRxFifo/U0/inst_fifo_gen/gconvfifo.rf/grf.rf/gntv_or_sync_fifo.gcx.clkx/rd_pntr_cdc_inst/src_gray_ff_reg[9]}]]
                                              [get_cells [list {design_1_i/d_axi_i2s_audio_0/U0/d_axi_i2s_audio_v2_0_AXI_L_inst/Inst_I2sCtl/Inst_I2sRxFifo/U0/inst_fifo_gen/gconvfifo.rf/grf.rf/gntv_or_sync_fifo.gcx.clkx/rd_pntr_cdc_inst/dest_graysync_ff_reg[0][0]} \
          {design_1_i/d_axi_i2s_audio_0/U0/d_axi_i2s_audio_v2_0_AXI_L_inst/Inst_I2sCtl/Inst_I2sRxFifo/U0/inst_fifo_gen/gconvfifo.rf/grf.rf/gntv_or_sync_fifo.gcx.clkx/rd_pntr_cdc_inst/dest_graysync_ff_reg[0][10]} \
          {design_1_i/d_axi_i2s_audio_0/U0/d_axi_i2s_audio_v2_0_AXI_L_inst/Inst_I2sCtl/Inst_I2sRxFifo/U0/inst_fifo_gen/gconvfifo.rf/grf.rf/gntv_or_sync_fifo.gcx.clkx/rd_pntr_cdc_inst/dest_graysync_ff_reg[0][11]} \
          {design_1_i/d_axi_i2s_audio_0/U0/d_axi_i2s_audio_v2_0_AXI_L_inst/Inst_I2sCtl/Inst_I2sRxFifo/U0/inst_fifo_gen/gconvfifo.rf/grf.rf/gntv_or_sync_fifo.gcx.clkx/rd_pntr_cdc_inst/dest_graysync_ff_reg[0][1]} \
          {design_1_i/d_axi_i2s_audio_0/U0/d_axi_i2s_audio_v2_0_AXI_L_inst/Inst_I2sCtl/Inst_I2sRxFifo/U0/inst_fifo_gen/gconvfifo.rf/grf.rf/gntv_or_sync_fifo.gcx.clkx/rd_pntr_cdc_inst/dest_graysync_ff_reg[0][2]} \
          {design_1_i/d_axi_i2s_audio_0/U0/d_axi_i2s_audio_v2_0_AXI_L_inst/Inst_I2sCtl/Inst_I2sRxFifo/U0/inst_fifo_gen/gconvfifo.rf/grf.rf/gntv_or_sync_fifo.gcx.clkx/rd_pntr_cdc_inst/dest_graysync_ff_reg[0][3]} \
          {design_1_i/d_axi_i2s_audio_0/U0/d_axi_i2s_audio_v2_0_AXI_L_inst/Inst_I2sCtl/Inst_I2sRxFifo/U0/inst_fifo_gen/gconvfifo.rf/grf.rf/gntv_or_sync_fifo.gcx.clkx/rd_pntr_cdc_inst/dest_graysync_ff_reg[0][4]} \
          {design_1_i/d_axi_i2s_audio_0/U0/d_axi_i2s_audio_v2_0_AXI_L_inst/Inst_I2sCtl/Inst_I2sRxFifo/U0/inst_fifo_gen/gconvfifo.rf/grf.rf/gntv_or_sync_fifo.gcx.clkx/rd_pntr_cdc_inst/dest_graysync_ff_reg[0][5]} \
          {design_1_i/d_axi_i2s_audio_0/U0/d_axi_i2s_audio_v2_0_AXI_L_inst/Inst_I2sCtl/Inst_I2sRxFifo/U0/inst_fifo_gen/gconvfifo.rf/grf.rf/gntv_or_sync_fifo.gcx.clkx/rd_pntr_cdc_inst/dest_graysync_ff_reg[0][6]} \
          {design_1_i/d_axi_i2s_audio_0/U0/d_axi_i2s_audio_v2_0_AXI_L_inst/Inst_I2sCtl/Inst_I2sRxFifo/U0/inst_fifo_gen/gconvfifo.rf/grf.rf/gntv_or_sync_fifo.gcx.clkx/rd_pntr_cdc_inst/dest_graysync_ff_reg[0][7]} \
          {design_1_i/d_axi_i2s_audio_0/U0/d_axi_i2s_audio_v2_0_AXI_L_inst/Inst_I2sCtl/Inst_I2sRxFifo/U0/inst_fifo_gen/gconvfifo.rf/grf.rf/gntv_or_sync_fifo.gcx.clkx/rd_pntr_cdc_inst/dest_graysync_ff_reg[0][8]} \
          {design_1_i/d_axi_i2s_audio_0/U0/d_axi_i2s_audio_v2_0_AXI_L_inst/Inst_I2sCtl/Inst_I2sRxFifo/U0/inst_fifo_gen/gconvfifo.rf/grf.rf/gntv_or_sync_fifo.gcx.clkx/rd_pntr_cdc_inst/dest_graysync_ff_reg[0][9]}]]
                                                                              Slow             10.000       0.999      9.001
4   24        [get_cells [list {design_1_i/d_axi_i2s_audio_0/U0/d_axi_i2s_audio_v2_0_AXI_L_inst/Inst_I2sCtl/Inst_I2sTxFifo/U0/inst_fifo_gen/gconvfifo.rf/grf.rf/gntv_or_sync_fifo.gcx.clkx/wr_pntr_cdc_inst/src_gray_ff_reg[0]} \
          {design_1_i/d_axi_i2s_audio_0/U0/d_axi_i2s_audio_v2_0_AXI_L_inst/Inst_I2sCtl/Inst_I2sTxFifo/U0/inst_fifo_gen/gconvfifo.rf/grf.rf/gntv_or_sync_fifo.gcx.clkx/wr_pntr_cdc_inst/src_gray_ff_reg[10]} \
          {design_1_i/d_axi_i2s_audio_0/U0/d_axi_i2s_audio_v2_0_AXI_L_inst/Inst_I2sCtl/Inst_I2sTxFifo/U0/inst_fifo_gen/gconvfifo.rf/grf.rf/gntv_or_sync_fifo.gcx.clkx/wr_pntr_cdc_inst/src_gray_ff_reg[11]} \
          {design_1_i/d_axi_i2s_audio_0/U0/d_axi_i2s_audio_v2_0_AXI_L_inst/Inst_I2sCtl/Inst_I2sTxFifo/U0/inst_fifo_gen/gconvfifo.rf/grf.rf/gntv_or_sync_fifo.gcx.clkx/wr_pntr_cdc_inst/src_gray_ff_reg[1]} \
          {design_1_i/d_axi_i2s_audio_0/U0/d_axi_i2s_audio_v2_0_AXI_L_inst/Inst_I2sCtl/Inst_I2sTxFifo/U0/inst_fifo_gen/gconvfifo.rf/grf.rf/gntv_or_sync_fifo.gcx.clkx/wr_pntr_cdc_inst/src_gray_ff_reg[2]} \
          {design_1_i/d_axi_i2s_audio_0/U0/d_axi_i2s_audio_v2_0_AXI_L_inst/Inst_I2sCtl/Inst_I2sTxFifo/U0/inst_fifo_gen/gconvfifo.rf/grf.rf/gntv_or_sync_fifo.gcx.clkx/wr_pntr_cdc_inst/src_gray_ff_reg[3]} \
          {design_1_i/d_axi_i2s_audio_0/U0/d_axi_i2s_audio_v2_0_AXI_L_inst/Inst_I2sCtl/Inst_I2sTxFifo/U0/inst_fifo_gen/gconvfifo.rf/grf.rf/gntv_or_sync_fifo.gcx.clkx/wr_pntr_cdc_inst/src_gray_ff_reg[4]} \
          {design_1_i/d_axi_i2s_audio_0/U0/d_axi_i2s_audio_v2_0_AXI_L_inst/Inst_I2sCtl/Inst_I2sTxFifo/U0/inst_fifo_gen/gconvfifo.rf/grf.rf/gntv_or_sync_fifo.gcx.clkx/wr_pntr_cdc_inst/src_gray_ff_reg[5]} \
          {design_1_i/d_axi_i2s_audio_0/U0/d_axi_i2s_audio_v2_0_AXI_L_inst/Inst_I2sCtl/Inst_I2sTxFifo/U0/inst_fifo_gen/gconvfifo.rf/grf.rf/gntv_or_sync_fifo.gcx.clkx/wr_pntr_cdc_inst/src_gray_ff_reg[6]} \
          {design_1_i/d_axi_i2s_audio_0/U0/d_axi_i2s_audio_v2_0_AXI_L_inst/Inst_I2sCtl/Inst_I2sTxFifo/U0/inst_fifo_gen/gconvfifo.rf/grf.rf/gntv_or_sync_fifo.gcx.clkx/wr_pntr_cdc_inst/src_gray_ff_reg[7]} \
          {design_1_i/d_axi_i2s_audio_0/U0/d_axi_i2s_audio_v2_0_AXI_L_inst/Inst_I2sCtl/Inst_I2sTxFifo/U0/inst_fifo_gen/gconvfifo.rf/grf.rf/gntv_or_sync_fifo.gcx.clkx/wr_pntr_cdc_inst/src_gray_ff_reg[8]} \
          {design_1_i/d_axi_i2s_audio_0/U0/d_axi_i2s_audio_v2_0_AXI_L_inst/Inst_I2sCtl/Inst_I2sTxFifo/U0/inst_fifo_gen/gconvfifo.rf/grf.rf/gntv_or_sync_fifo.gcx.clkx/wr_pntr_cdc_inst/src_gray_ff_reg[9]}]]
                                              [get_cells [list {design_1_i/d_axi_i2s_audio_0/U0/d_axi_i2s_audio_v2_0_AXI_L_inst/Inst_I2sCtl/Inst_I2sTxFifo/U0/inst_fifo_gen/gconvfifo.rf/grf.rf/gntv_or_sync_fifo.gcx.clkx/wr_pntr_cdc_inst/dest_graysync_ff_reg[0][0]} \
          {design_1_i/d_axi_i2s_audio_0/U0/d_axi_i2s_audio_v2_0_AXI_L_inst/Inst_I2sCtl/Inst_I2sTxFifo/U0/inst_fifo_gen/gconvfifo.rf/grf.rf/gntv_or_sync_fifo.gcx.clkx/wr_pntr_cdc_inst/dest_graysync_ff_reg[0][10]} \
          {design_1_i/d_axi_i2s_audio_0/U0/d_axi_i2s_audio_v2_0_AXI_L_inst/Inst_I2sCtl/Inst_I2sTxFifo/U0/inst_fifo_gen/gconvfifo.rf/grf.rf/gntv_or_sync_fifo.gcx.clkx/wr_pntr_cdc_inst/dest_graysync_ff_reg[0][11]} \
          {design_1_i/d_axi_i2s_audio_0/U0/d_axi_i2s_audio_v2_0_AXI_L_inst/Inst_I2sCtl/Inst_I2sTxFifo/U0/inst_fifo_gen/gconvfifo.rf/grf.rf/gntv_or_sync_fifo.gcx.clkx/wr_pntr_cdc_inst/dest_graysync_ff_reg[0][1]} \
          {design_1_i/d_axi_i2s_audio_0/U0/d_axi_i2s_audio_v2_0_AXI_L_inst/Inst_I2sCtl/Inst_I2sTxFifo/U0/inst_fifo_gen/gconvfifo.rf/grf.rf/gntv_or_sync_fifo.gcx.clkx/wr_pntr_cdc_inst/dest_graysync_ff_reg[0][2]} \
          {design_1_i/d_axi_i2s_audio_0/U0/d_axi_i2s_audio_v2_0_AXI_L_inst/Inst_I2sCtl/Inst_I2sTxFifo/U0/inst_fifo_gen/gconvfifo.rf/grf.rf/gntv_or_sync_fifo.gcx.clkx/wr_pntr_cdc_inst/dest_graysync_ff_reg[0][3]} \
          {design_1_i/d_axi_i2s_audio_0/U0/d_axi_i2s_audio_v2_0_AXI_L_inst/Inst_I2sCtl/Inst_I2sTxFifo/U0/inst_fifo_gen/gconvfifo.rf/grf.rf/gntv_or_sync_fifo.gcx.clkx/wr_pntr_cdc_inst/dest_graysync_ff_reg[0][4]} \
          {design_1_i/d_axi_i2s_audio_0/U0/d_axi_i2s_audio_v2_0_AXI_L_inst/Inst_I2sCtl/Inst_I2sTxFifo/U0/inst_fifo_gen/gconvfifo.rf/grf.rf/gntv_or_sync_fifo.gcx.clkx/wr_pntr_cdc_inst/dest_graysync_ff_reg[0][5]} \
          {design_1_i/d_axi_i2s_audio_0/U0/d_axi_i2s_audio_v2_0_AXI_L_inst/Inst_I2sCtl/Inst_I2sTxFifo/U0/inst_fifo_gen/gconvfifo.rf/grf.rf/gntv_or_sync_fifo.gcx.clkx/wr_pntr_cdc_inst/dest_graysync_ff_reg[0][6]} \
          {design_1_i/d_axi_i2s_audio_0/U0/d_axi_i2s_audio_v2_0_AXI_L_inst/Inst_I2sCtl/Inst_I2sTxFifo/U0/inst_fifo_gen/gconvfifo.rf/grf.rf/gntv_or_sync_fifo.gcx.clkx/wr_pntr_cdc_inst/dest_graysync_ff_reg[0][7]} \
          {design_1_i/d_axi_i2s_audio_0/U0/d_axi_i2s_audio_v2_0_AXI_L_inst/Inst_I2sCtl/Inst_I2sTxFifo/U0/inst_fifo_gen/gconvfifo.rf/grf.rf/gntv_or_sync_fifo.gcx.clkx/wr_pntr_cdc_inst/dest_graysync_ff_reg[0][8]} \
          {design_1_i/d_axi_i2s_audio_0/U0/d_axi_i2s_audio_v2_0_AXI_L_inst/Inst_I2sCtl/Inst_I2sTxFifo/U0/inst_fifo_gen/gconvfifo.rf/grf.rf/gntv_or_sync_fifo.gcx.clkx/wr_pntr_cdc_inst/dest_graysync_ff_reg[0][9]}]]
                                                                              Slow             10.000       0.883      9.117
5   26        [get_cells [list {design_1_i/d_axi_i2s_audio_0/U0/d_axi_i2s_audio_v2_0_AXI_L_inst/Inst_I2sCtl/Inst_I2sTxFifo/U0/inst_fifo_gen/gconvfifo.rf/grf.rf/gntv_or_sync_fifo.gcx.clkx/rd_pntr_cdc_inst/src_gray_ff_reg[0]} \
          {design_1_i/d_axi_i2s_audio_0/U0/d_axi_i2s_audio_v2_0_AXI_L_inst/Inst_I2sCtl/Inst_I2sTxFifo/U0/inst_fifo_gen/gconvfifo.rf/grf.rf/gntv_or_sync_fifo.gcx.clkx/rd_pntr_cdc_inst/src_gray_ff_reg[10]} \
          {design_1_i/d_axi_i2s_audio_0/U0/d_axi_i2s_audio_v2_0_AXI_L_inst/Inst_I2sCtl/Inst_I2sTxFifo/U0/inst_fifo_gen/gconvfifo.rf/grf.rf/gntv_or_sync_fifo.gcx.clkx/rd_pntr_cdc_inst/src_gray_ff_reg[11]} \
          {design_1_i/d_axi_i2s_audio_0/U0/d_axi_i2s_audio_v2_0_AXI_L_inst/Inst_I2sCtl/Inst_I2sTxFifo/U0/inst_fifo_gen/gconvfifo.rf/grf.rf/gntv_or_sync_fifo.gcx.clkx/rd_pntr_cdc_inst/src_gray_ff_reg[1]} \
          {design_1_i/d_axi_i2s_audio_0/U0/d_axi_i2s_audio_v2_0_AXI_L_inst/Inst_I2sCtl/Inst_I2sTxFifo/U0/inst_fifo_gen/gconvfifo.rf/grf.rf/gntv_or_sync_fifo.gcx.clkx/rd_pntr_cdc_inst/src_gray_ff_reg[2]} \
          {design_1_i/d_axi_i2s_audio_0/U0/d_axi_i2s_audio_v2_0_AXI_L_inst/Inst_I2sCtl/Inst_I2sTxFifo/U0/inst_fifo_gen/gconvfifo.rf/grf.rf/gntv_or_sync_fifo.gcx.clkx/rd_pntr_cdc_inst/src_gray_ff_reg[3]} \
          {design_1_i/d_axi_i2s_audio_0/U0/d_axi_i2s_audio_v2_0_AXI_L_inst/Inst_I2sCtl/Inst_I2sTxFifo/U0/inst_fifo_gen/gconvfifo.rf/grf.rf/gntv_or_sync_fifo.gcx.clkx/rd_pntr_cdc_inst/src_gray_ff_reg[4]} \
          {design_1_i/d_axi_i2s_audio_0/U0/d_axi_i2s_audio_v2_0_AXI_L_inst/Inst_I2sCtl/Inst_I2sTxFifo/U0/inst_fifo_gen/gconvfifo.rf/grf.rf/gntv_or_sync_fifo.gcx.clkx/rd_pntr_cdc_inst/src_gray_ff_reg[5]} \
          {design_1_i/d_axi_i2s_audio_0/U0/d_axi_i2s_audio_v2_0_AXI_L_inst/Inst_I2sCtl/Inst_I2sTxFifo/U0/inst_fifo_gen/gconvfifo.rf/grf.rf/gntv_or_sync_fifo.gcx.clkx/rd_pntr_cdc_inst/src_gray_ff_reg[6]} \
          {design_1_i/d_axi_i2s_audio_0/U0/d_axi_i2s_audio_v2_0_AXI_L_inst/Inst_I2sCtl/Inst_I2sTxFifo/U0/inst_fifo_gen/gconvfifo.rf/grf.rf/gntv_or_sync_fifo.gcx.clkx/rd_pntr_cdc_inst/src_gray_ff_reg[7]} \
          {design_1_i/d_axi_i2s_audio_0/U0/d_axi_i2s_audio_v2_0_AXI_L_inst/Inst_I2sCtl/Inst_I2sTxFifo/U0/inst_fifo_gen/gconvfifo.rf/grf.rf/gntv_or_sync_fifo.gcx.clkx/rd_pntr_cdc_inst/src_gray_ff_reg[8]} \
          {design_1_i/d_axi_i2s_audio_0/U0/d_axi_i2s_audio_v2_0_AXI_L_inst/Inst_I2sCtl/Inst_I2sTxFifo/U0/inst_fifo_gen/gconvfifo.rf/grf.rf/gntv_or_sync_fifo.gcx.clkx/rd_pntr_cdc_inst/src_gray_ff_reg[9]}]]
                                              [get_cells [list {design_1_i/d_axi_i2s_audio_0/U0/d_axi_i2s_audio_v2_0_AXI_L_inst/Inst_I2sCtl/Inst_I2sTxFifo/U0/inst_fifo_gen/gconvfifo.rf/grf.rf/gntv_or_sync_fifo.gcx.clkx/rd_pntr_cdc_inst/dest_graysync_ff_reg[0][0]} \
          {design_1_i/d_axi_i2s_audio_0/U0/d_axi_i2s_audio_v2_0_AXI_L_inst/Inst_I2sCtl/Inst_I2sTxFifo/U0/inst_fifo_gen/gconvfifo.rf/grf.rf/gntv_or_sync_fifo.gcx.clkx/rd_pntr_cdc_inst/dest_graysync_ff_reg[0][10]} \
          {design_1_i/d_axi_i2s_audio_0/U0/d_axi_i2s_audio_v2_0_AXI_L_inst/Inst_I2sCtl/Inst_I2sTxFifo/U0/inst_fifo_gen/gconvfifo.rf/grf.rf/gntv_or_sync_fifo.gcx.clkx/rd_pntr_cdc_inst/dest_graysync_ff_reg[0][11]} \
          {design_1_i/d_axi_i2s_audio_0/U0/d_axi_i2s_audio_v2_0_AXI_L_inst/Inst_I2sCtl/Inst_I2sTxFifo/U0/inst_fifo_gen/gconvfifo.rf/grf.rf/gntv_or_sync_fifo.gcx.clkx/rd_pntr_cdc_inst/dest_graysync_ff_reg[0][1]} \
          {design_1_i/d_axi_i2s_audio_0/U0/d_axi_i2s_audio_v2_0_AXI_L_inst/Inst_I2sCtl/Inst_I2sTxFifo/U0/inst_fifo_gen/gconvfifo.rf/grf.rf/gntv_or_sync_fifo.gcx.clkx/rd_pntr_cdc_inst/dest_graysync_ff_reg[0][2]} \
          {design_1_i/d_axi_i2s_audio_0/U0/d_axi_i2s_audio_v2_0_AXI_L_inst/Inst_I2sCtl/Inst_I2sTxFifo/U0/inst_fifo_gen/gconvfifo.rf/grf.rf/gntv_or_sync_fifo.gcx.clkx/rd_pntr_cdc_inst/dest_graysync_ff_reg[0][3]} \
          {design_1_i/d_axi_i2s_audio_0/U0/d_axi_i2s_audio_v2_0_AXI_L_inst/Inst_I2sCtl/Inst_I2sTxFifo/U0/inst_fifo_gen/gconvfifo.rf/grf.rf/gntv_or_sync_fifo.gcx.clkx/rd_pntr_cdc_inst/dest_graysync_ff_reg[0][4]} \
          {design_1_i/d_axi_i2s_audio_0/U0/d_axi_i2s_audio_v2_0_AXI_L_inst/Inst_I2sCtl/Inst_I2sTxFifo/U0/inst_fifo_gen/gconvfifo.rf/grf.rf/gntv_or_sync_fifo.gcx.clkx/rd_pntr_cdc_inst/dest_graysync_ff_reg[0][5]} \
          {design_1_i/d_axi_i2s_audio_0/U0/d_axi_i2s_audio_v2_0_AXI_L_inst/Inst_I2sCtl/Inst_I2sTxFifo/U0/inst_fifo_gen/gconvfifo.rf/grf.rf/gntv_or_sync_fifo.gcx.clkx/rd_pntr_cdc_inst/dest_graysync_ff_reg[0][6]} \
          {design_1_i/d_axi_i2s_audio_0/U0/d_axi_i2s_audio_v2_0_AXI_L_inst/Inst_I2sCtl/Inst_I2sTxFifo/U0/inst_fifo_gen/gconvfifo.rf/grf.rf/gntv_or_sync_fifo.gcx.clkx/rd_pntr_cdc_inst/dest_graysync_ff_reg[0][7]} \
          {design_1_i/d_axi_i2s_audio_0/U0/d_axi_i2s_audio_v2_0_AXI_L_inst/Inst_I2sCtl/Inst_I2sTxFifo/U0/inst_fifo_gen/gconvfifo.rf/grf.rf/gntv_or_sync_fifo.gcx.clkx/rd_pntr_cdc_inst/dest_graysync_ff_reg[0][8]} \
          {design_1_i/d_axi_i2s_audio_0/U0/d_axi_i2s_audio_v2_0_AXI_L_inst/Inst_I2sCtl/Inst_I2sTxFifo/U0/inst_fifo_gen/gconvfifo.rf/grf.rf/gntv_or_sync_fifo.gcx.clkx/rd_pntr_cdc_inst/dest_graysync_ff_reg[0][9]}]]
                                                                              Slow             10.000       0.992      9.008
6   28        [get_cells [list {design_1_i/d_axi_i2s_audio_0/U0/d_axi_i2s_audio_v2_0_AXI_L_inst/Inst_I2sCtl/Inst_I2sRxFifo/U0/inst_fifo_gen/gconvfifo.rf/grf.rf/gntv_or_sync_fifo.gcx.clkx/wr_pntr_cdc_inst/src_gray_ff_reg[0]} \
          {design_1_i/d_axi_i2s_audio_0/U0/d_axi_i2s_audio_v2_0_AXI_L_inst/Inst_I2sCtl/Inst_I2sRxFifo/U0/inst_fifo_gen/gconvfifo.rf/grf.rf/gntv_or_sync_fifo.gcx.clkx/wr_pntr_cdc_inst/src_gray_ff_reg[10]} \
          {design_1_i/d_axi_i2s_audio_0/U0/d_axi_i2s_audio_v2_0_AXI_L_inst/Inst_I2sCtl/Inst_I2sRxFifo/U0/inst_fifo_gen/gconvfifo.rf/grf.rf/gntv_or_sync_fifo.gcx.clkx/wr_pntr_cdc_inst/src_gray_ff_reg[11]} \
          {design_1_i/d_axi_i2s_audio_0/U0/d_axi_i2s_audio_v2_0_AXI_L_inst/Inst_I2sCtl/Inst_I2sRxFifo/U0/inst_fifo_gen/gconvfifo.rf/grf.rf/gntv_or_sync_fifo.gcx.clkx/wr_pntr_cdc_inst/src_gray_ff_reg[1]} \
          {design_1_i/d_axi_i2s_audio_0/U0/d_axi_i2s_audio_v2_0_AXI_L_inst/Inst_I2sCtl/Inst_I2sRxFifo/U0/inst_fifo_gen/gconvfifo.rf/grf.rf/gntv_or_sync_fifo.gcx.clkx/wr_pntr_cdc_inst/src_gray_ff_reg[2]} \
          {design_1_i/d_axi_i2s_audio_0/U0/d_axi_i2s_audio_v2_0_AXI_L_inst/Inst_I2sCtl/Inst_I2sRxFifo/U0/inst_fifo_gen/gconvfifo.rf/grf.rf/gntv_or_sync_fifo.gcx.clkx/wr_pntr_cdc_inst/src_gray_ff_reg[3]} \
          {design_1_i/d_axi_i2s_audio_0/U0/d_axi_i2s_audio_v2_0_AXI_L_inst/Inst_I2sCtl/Inst_I2sRxFifo/U0/inst_fifo_gen/gconvfifo.rf/grf.rf/gntv_or_sync_fifo.gcx.clkx/wr_pntr_cdc_inst/src_gray_ff_reg[4]} \
          {design_1_i/d_axi_i2s_audio_0/U0/d_axi_i2s_audio_v2_0_AXI_L_inst/Inst_I2sCtl/Inst_I2sRxFifo/U0/inst_fifo_gen/gconvfifo.rf/grf.rf/gntv_or_sync_fifo.gcx.clkx/wr_pntr_cdc_inst/src_gray_ff_reg[5]} \
          {design_1_i/d_axi_i2s_audio_0/U0/d_axi_i2s_audio_v2_0_AXI_L_inst/Inst_I2sCtl/Inst_I2sRxFifo/U0/inst_fifo_gen/gconvfifo.rf/grf.rf/gntv_or_sync_fifo.gcx.clkx/wr_pntr_cdc_inst/src_gray_ff_reg[6]} \
          {design_1_i/d_axi_i2s_audio_0/U0/d_axi_i2s_audio_v2_0_AXI_L_inst/Inst_I2sCtl/Inst_I2sRxFifo/U0/inst_fifo_gen/gconvfifo.rf/grf.rf/gntv_or_sync_fifo.gcx.clkx/wr_pntr_cdc_inst/src_gray_ff_reg[7]} \
          {design_1_i/d_axi_i2s_audio_0/U0/d_axi_i2s_audio_v2_0_AXI_L_inst/Inst_I2sCtl/Inst_I2sRxFifo/U0/inst_fifo_gen/gconvfifo.rf/grf.rf/gntv_or_sync_fifo.gcx.clkx/wr_pntr_cdc_inst/src_gray_ff_reg[8]} \
          {design_1_i/d_axi_i2s_audio_0/U0/d_axi_i2s_audio_v2_0_AXI_L_inst/Inst_I2sCtl/Inst_I2sRxFifo/U0/inst_fifo_gen/gconvfifo.rf/grf.rf/gntv_or_sync_fifo.gcx.clkx/wr_pntr_cdc_inst/src_gray_ff_reg[9]}]]
                                              [get_cells [list {design_1_i/d_axi_i2s_audio_0/U0/d_axi_i2s_audio_v2_0_AXI_L_inst/Inst_I2sCtl/Inst_I2sRxFifo/U0/inst_fifo_gen/gconvfifo.rf/grf.rf/gntv_or_sync_fifo.gcx.clkx/wr_pntr_cdc_inst/dest_graysync_ff_reg[0][0]} \
          {design_1_i/d_axi_i2s_audio_0/U0/d_axi_i2s_audio_v2_0_AXI_L_inst/Inst_I2sCtl/Inst_I2sRxFifo/U0/inst_fifo_gen/gconvfifo.rf/grf.rf/gntv_or_sync_fifo.gcx.clkx/wr_pntr_cdc_inst/dest_graysync_ff_reg[0][10]} \
          {design_1_i/d_axi_i2s_audio_0/U0/d_axi_i2s_audio_v2_0_AXI_L_inst/Inst_I2sCtl/Inst_I2sRxFifo/U0/inst_fifo_gen/gconvfifo.rf/grf.rf/gntv_or_sync_fifo.gcx.clkx/wr_pntr_cdc_inst/dest_graysync_ff_reg[0][11]} \
          {design_1_i/d_axi_i2s_audio_0/U0/d_axi_i2s_audio_v2_0_AXI_L_inst/Inst_I2sCtl/Inst_I2sRxFifo/U0/inst_fifo_gen/gconvfifo.rf/grf.rf/gntv_or_sync_fifo.gcx.clkx/wr_pntr_cdc_inst/dest_graysync_ff_reg[0][1]} \
          {design_1_i/d_axi_i2s_audio_0/U0/d_axi_i2s_audio_v2_0_AXI_L_inst/Inst_I2sCtl/Inst_I2sRxFifo/U0/inst_fifo_gen/gconvfifo.rf/grf.rf/gntv_or_sync_fifo.gcx.clkx/wr_pntr_cdc_inst/dest_graysync_ff_reg[0][2]} \
          {design_1_i/d_axi_i2s_audio_0/U0/d_axi_i2s_audio_v2_0_AXI_L_inst/Inst_I2sCtl/Inst_I2sRxFifo/U0/inst_fifo_gen/gconvfifo.rf/grf.rf/gntv_or_sync_fifo.gcx.clkx/wr_pntr_cdc_inst/dest_graysync_ff_reg[0][3]} \
          {design_1_i/d_axi_i2s_audio_0/U0/d_axi_i2s_audio_v2_0_AXI_L_inst/Inst_I2sCtl/Inst_I2sRxFifo/U0/inst_fifo_gen/gconvfifo.rf/grf.rf/gntv_or_sync_fifo.gcx.clkx/wr_pntr_cdc_inst/dest_graysync_ff_reg[0][4]} \
          {design_1_i/d_axi_i2s_audio_0/U0/d_axi_i2s_audio_v2_0_AXI_L_inst/Inst_I2sCtl/Inst_I2sRxFifo/U0/inst_fifo_gen/gconvfifo.rf/grf.rf/gntv_or_sync_fifo.gcx.clkx/wr_pntr_cdc_inst/dest_graysync_ff_reg[0][5]} \
          {design_1_i/d_axi_i2s_audio_0/U0/d_axi_i2s_audio_v2_0_AXI_L_inst/Inst_I2sCtl/Inst_I2sRxFifo/U0/inst_fifo_gen/gconvfifo.rf/grf.rf/gntv_or_sync_fifo.gcx.clkx/wr_pntr_cdc_inst/dest_graysync_ff_reg[0][6]} \
          {design_1_i/d_axi_i2s_audio_0/U0/d_axi_i2s_audio_v2_0_AXI_L_inst/Inst_I2sCtl/Inst_I2sRxFifo/U0/inst_fifo_gen/gconvfifo.rf/grf.rf/gntv_or_sync_fifo.gcx.clkx/wr_pntr_cdc_inst/dest_graysync_ff_reg[0][7]} \
          {design_1_i/d_axi_i2s_audio_0/U0/d_axi_i2s_audio_v2_0_AXI_L_inst/Inst_I2sCtl/Inst_I2sRxFifo/U0/inst_fifo_gen/gconvfifo.rf/grf.rf/gntv_or_sync_fifo.gcx.clkx/wr_pntr_cdc_inst/dest_graysync_ff_reg[0][8]} \
          {design_1_i/d_axi_i2s_audio_0/U0/d_axi_i2s_audio_v2_0_AXI_L_inst/Inst_I2sCtl/Inst_I2sRxFifo/U0/inst_fifo_gen/gconvfifo.rf/grf.rf/gntv_or_sync_fifo.gcx.clkx/wr_pntr_cdc_inst/dest_graysync_ff_reg[0][9]}]]
                                                                              Slow             10.000       0.970      9.030


2. Bus Skew Report Per Constraint
---------------------------------

Id: 1
set_bus_skew -from [get_cells [list {design_1_i/d_axi_i2s_audio_0/U0/d_axi_i2s_audio_v2_0_AXI_L_inst/Inst_I2sCtl/Inst_Sampling/U0/inst_fifo_gen/gconvfifo.rf/grf.rf/gntv_or_sync_fifo.gcx.clkx/rd_pntr_cdc_inst/src_gray_ff_reg[0]} {design_1_i/d_axi_i2s_audio_0/U0/d_axi_i2s_audio_v2_0_AXI_L_inst/Inst_I2sCtl/Inst_Sampling/U0/inst_fifo_gen/gconvfifo.rf/grf.rf/gntv_or_sync_fifo.gcx.clkx/rd_pntr_cdc_inst/src_gray_ff_reg[1]} {design_1_i/d_axi_i2s_audio_0/U0/d_axi_i2s_audio_v2_0_AXI_L_inst/Inst_I2sCtl/Inst_Sampling/U0/inst_fifo_gen/gconvfifo.rf/grf.rf/gntv_or_sync_fifo.gcx.clkx/rd_pntr_cdc_inst/src_gray_ff_reg[2]} {design_1_i/d_axi_i2s_audio_0/U0/d_axi_i2s_audio_v2_0_AXI_L_inst/Inst_I2sCtl/Inst_Sampling/U0/inst_fifo_gen/gconvfifo.rf/grf.rf/gntv_or_sync_fifo.gcx.clkx/rd_pntr_cdc_inst/src_gray_ff_reg[3]}]] -to [get_cells [list {design_1_i/d_axi_i2s_audio_0/U0/d_axi_i2s_audio_v2_0_AXI_L_inst/Inst_I2sCtl/Inst_Sampling/U0/inst_fifo_gen/gconvfifo.rf/grf.rf/gntv_or_sync_fifo.gcx.clkx/rd_pntr_cdc_inst/dest_graysync_ff_reg[0][0]} {design_1_i/d_axi_i2s_audio_0/U0/d_axi_i2s_audio_v2_0_AXI_L_inst/Inst_I2sCtl/Inst_Sampling/U0/inst_fifo_gen/gconvfifo.rf/grf.rf/gntv_or_sync_fifo.gcx.clkx/rd_pntr_cdc_inst/dest_graysync_ff_reg[0][1]} {design_1_i/d_axi_i2s_audio_0/U0/d_axi_i2s_audio_v2_0_AXI_L_inst/Inst_I2sCtl/Inst_Sampling/U0/inst_fifo_gen/gconvfifo.rf/grf.rf/gntv_or_sync_fifo.gcx.clkx/rd_pntr_cdc_inst/dest_graysync_ff_reg[0][2]} {design_1_i/d_axi_i2s_audio_0/U0/d_axi_i2s_audio_v2_0_AXI_L_inst/Inst_I2sCtl/Inst_Sampling/U0/inst_fifo_gen/gconvfifo.rf/grf.rf/gntv_or_sync_fifo.gcx.clkx/rd_pntr_cdc_inst/dest_graysync_ff_reg[0][3]}]] 10.000
Requirement: 10.000ns
Endpoints: 4

From Clock            To Clock              Endpoint Pin                    Reference Pin                   Corner  Actual(ns)  Slack(ns)
--------------------  --------------------  ------------------------------  ------------------------------  ------  ----------  ---------
clkout0               clk_fpga_0            design_1_i/d_axi_i2s_audio_0/U0/d_axi_i2s_audio_v2_0_AXI_L_inst/Inst_I2sCtl/Inst_Sampling/U0/inst_fifo_gen/gconvfifo.rf/grf.rf/gntv_or_sync_fifo.gcx.clkx/rd_pntr_cdc_inst/dest_graysync_ff_reg[0][0]/D
                                                                            design_1_i/d_axi_i2s_audio_0/U0/d_axi_i2s_audio_v2_0_AXI_L_inst/Inst_I2sCtl/Inst_Sampling/U0/inst_fifo_gen/gconvfifo.rf/grf.rf/gntv_or_sync_fifo.gcx.clkx/rd_pntr_cdc_inst/dest_graysync_ff_reg[0][2]/D
                                                                                                            Slow         0.712      9.288


Slack (MET) :             9.288ns  (requirement - actual skew)
  Endpoint Source:        design_1_i/d_axi_i2s_audio_0/U0/d_axi_i2s_audio_v2_0_AXI_L_inst/Inst_I2sCtl/Inst_Sampling/U0/inst_fifo_gen/gconvfifo.rf/grf.rf/gntv_or_sync_fifo.gcx.clkx/rd_pntr_cdc_inst/src_gray_ff_reg[0]/C
                            (rising edge-triggered cell FDRE clocked by clkout0)
  Endpoint Destination:   design_1_i/d_axi_i2s_audio_0/U0/d_axi_i2s_audio_v2_0_AXI_L_inst/Inst_I2sCtl/Inst_Sampling/U0/inst_fifo_gen/gconvfifo.rf/grf.rf/gntv_or_sync_fifo.gcx.clkx/rd_pntr_cdc_inst/dest_graysync_ff_reg[0][0]/D
                            (rising edge-triggered cell FDRE clocked by clk_fpga_0)
  Reference Source:       design_1_i/d_axi_i2s_audio_0/U0/d_axi_i2s_audio_v2_0_AXI_L_inst/Inst_I2sCtl/Inst_Sampling/U0/inst_fifo_gen/gconvfifo.rf/grf.rf/gntv_or_sync_fifo.gcx.clkx/rd_pntr_cdc_inst/src_gray_ff_reg[2]/C
                            (rising edge-triggered cell FDRE clocked by clkout0)
  Reference Destination:  design_1_i/d_axi_i2s_audio_0/U0/d_axi_i2s_audio_v2_0_AXI_L_inst/Inst_I2sCtl/Inst_Sampling/U0/inst_fifo_gen/gconvfifo.rf/grf.rf/gntv_or_sync_fifo.gcx.clkx/rd_pntr_cdc_inst/dest_graysync_ff_reg[0][2]/D
                            (rising edge-triggered cell FDRE clocked by clk_fpga_0)
  Path Type:              Bus Skew (Max at Slow Process Corner)
  Requirement:            10.000ns
  Endpoint Relative Delay:    4.987ns
  Reference Relative Delay:   3.678ns
  Relative CRPR:              0.597ns
  Actual Bus Skew:            0.712ns  (Endpoint Relative Delay - Reference Relative Delay - Relative CRPR)

Endpoint path:
    Location             Delay type                Incr(ns)  Path(ns)    Netlist Resource(s)
  -------------------------------------------------------------------    -------------------
                         (clock clkout0 rise edge)    0.000     0.000 r  
    PS7_X0Y0             PS7                          0.000     0.000 r  design_1_i/processing_system7_0/inst/PS7_i/FCLKCLK[0]
                         net (fo=1, routed)           1.207     1.207    design_1_i/processing_system7_0/inst/FCLK_CLK_unbuffered[0]
    BUFGCTRL_X0Y0        BUFG (Prop_bufg_I_O)         0.101     1.308 r  design_1_i/processing_system7_0/inst/buffer_fclk_clk_0.FCLK_CLK_0_BUFG/O
                         net (fo=5020, routed)        1.702     3.010    design_1_i/d_axi_i2s_audio_0/U0/d_axi_i2s_audio_v2_0_AXI_L_inst/Inst_I2sCtl/Inst_Dcm/CLK_100MHZ_I
    PLLE2_ADV_X0Y0       PLLE2_ADV (Prop_plle2_adv_CLKIN1_CLKOUT0)
                                                      0.088     3.098 r  design_1_i/d_axi_i2s_audio_0/U0/d_axi_i2s_audio_v2_0_AXI_L_inst/Inst_I2sCtl/Inst_Dcm/plle2_adv_inst/CLKOUT0
                         net (fo=1, routed)           1.754     4.852    design_1_i/d_axi_i2s_audio_0/U0/d_axi_i2s_audio_v2_0_AXI_L_inst/Inst_I2sCtl/Inst_Dcm/clkout0
    BUFGCTRL_X0Y1        BUFG (Prop_bufg_I_O)         0.101     4.953 r  design_1_i/d_axi_i2s_audio_0/U0/d_axi_i2s_audio_v2_0_AXI_L_inst/Inst_I2sCtl/Inst_Dcm/clkout1_buf/O
                         net (fo=365, routed)         1.732     6.685    design_1_i/d_axi_i2s_audio_0/U0/d_axi_i2s_audio_v2_0_AXI_L_inst/Inst_I2sCtl/Inst_Sampling/U0/inst_fifo_gen/gconvfifo.rf/grf.rf/gntv_or_sync_fifo.gcx.clkx/rd_pntr_cdc_inst/src_clk
    SLICE_X37Y25         FDRE                                         r  design_1_i/d_axi_i2s_audio_0/U0/d_axi_i2s_audio_v2_0_AXI_L_inst/Inst_I2sCtl/Inst_Sampling/U0/inst_fifo_gen/gconvfifo.rf/grf.rf/gntv_or_sync_fifo.gcx.clkx/rd_pntr_cdc_inst/src_gray_ff_reg[0]/C
  -------------------------------------------------------------------    -------------------
    SLICE_X37Y25         FDRE (Prop_fdre_C_Q)         0.456     7.141 r  design_1_i/d_axi_i2s_audio_0/U0/d_axi_i2s_audio_v2_0_AXI_L_inst/Inst_I2sCtl/Inst_Sampling/U0/inst_fifo_gen/gconvfifo.rf/grf.rf/gntv_or_sync_fifo.gcx.clkx/rd_pntr_cdc_inst/src_gray_ff_reg[0]/Q
                         net (fo=1, routed)           0.617     7.758    design_1_i/d_axi_i2s_audio_0/U0/d_axi_i2s_audio_v2_0_AXI_L_inst/Inst_I2sCtl/Inst_Sampling/U0/inst_fifo_gen/gconvfifo.rf/grf.rf/gntv_or_sync_fifo.gcx.clkx/rd_pntr_cdc_inst/async_path[0]
    SLICE_X39Y25         FDRE                                         r  design_1_i/d_axi_i2s_audio_0/U0/d_axi_i2s_audio_v2_0_AXI_L_inst/Inst_I2sCtl/Inst_Sampling/U0/inst_fifo_gen/gconvfifo.rf/grf.rf/gntv_or_sync_fifo.gcx.clkx/rd_pntr_cdc_inst/dest_graysync_ff_reg[0][0]/D
  -------------------------------------------------------------------    -------------------

                         (clock clk_fpga_0 rise edge)
                                                      0.000     0.000 r  
    PS7_X0Y0             PS7                          0.000     0.000 r  design_1_i/processing_system7_0/inst/PS7_i/FCLKCLK[0]
                         net (fo=1, routed)           1.101     1.101    design_1_i/processing_system7_0/inst/FCLK_CLK_unbuffered[0]
    BUFGCTRL_X0Y0        BUFG (Prop_bufg_I_O)         0.091     1.192 r  design_1_i/processing_system7_0/inst/buffer_fclk_clk_0.FCLK_CLK_0_BUFG/O
                         net (fo=5020, routed)        1.558     2.750    design_1_i/d_axi_i2s_audio_0/U0/d_axi_i2s_audio_v2_0_AXI_L_inst/Inst_I2sCtl/Inst_Sampling/U0/inst_fifo_gen/gconvfifo.rf/grf.rf/gntv_or_sync_fifo.gcx.clkx/rd_pntr_cdc_inst/dest_clk
    SLICE_X39Y25         FDRE                                         r  design_1_i/d_axi_i2s_audio_0/U0/d_axi_i2s_audio_v2_0_AXI_L_inst/Inst_I2sCtl/Inst_Sampling/U0/inst_fifo_gen/gconvfifo.rf/grf.rf/gntv_or_sync_fifo.gcx.clkx/rd_pntr_cdc_inst/dest_graysync_ff_reg[0][0]/C
                         clock pessimism              0.116     2.866    
    SLICE_X39Y25         FDRE (Setup_fdre_C_D)       -0.095     2.771    design_1_i/d_axi_i2s_audio_0/U0/d_axi_i2s_audio_v2_0_AXI_L_inst/Inst_I2sCtl/Inst_Sampling/U0/inst_fifo_gen/gconvfifo.rf/grf.rf/gntv_or_sync_fifo.gcx.clkx/rd_pntr_cdc_inst/dest_graysync_ff_reg[0][0]
  -------------------------------------------------------------------
                         data arrival                           7.758    
                         clock arrival                          2.771    
  -------------------------------------------------------------------
                         relative delay                         4.987    

Reference path:
    Location             Delay type                Incr(ns)  Path(ns)    Netlist Resource(s)
  -------------------------------------------------------------------    -------------------
                         (clock clkout0 rise edge)    0.000     0.000 r  
    PS7_X0Y0             PS7                          0.000     0.000 r  design_1_i/processing_system7_0/inst/PS7_i/FCLKCLK[0]
                         net (fo=1, routed)           1.101     1.101    design_1_i/processing_system7_0/inst/FCLK_CLK_unbuffered[0]
    BUFGCTRL_X0Y0        BUFG (Prop_bufg_I_O)         0.091     1.192 r  design_1_i/processing_system7_0/inst/buffer_fclk_clk_0.FCLK_CLK_0_BUFG/O
                         net (fo=5020, routed)        1.509     2.701    design_1_i/d_axi_i2s_audio_0/U0/d_axi_i2s_audio_v2_0_AXI_L_inst/Inst_I2sCtl/Inst_Dcm/CLK_100MHZ_I
    PLLE2_ADV_X0Y0       PLLE2_ADV (Prop_plle2_adv_CLKIN1_CLKOUT0)
                                                      0.083     2.784 r  design_1_i/d_axi_i2s_audio_0/U0/d_axi_i2s_audio_v2_0_AXI_L_inst/Inst_I2sCtl/Inst_Dcm/plle2_adv_inst/CLKOUT0
                         net (fo=1, routed)           1.594     4.379    design_1_i/d_axi_i2s_audio_0/U0/d_axi_i2s_audio_v2_0_AXI_L_inst/Inst_I2sCtl/Inst_Dcm/clkout0
    BUFGCTRL_X0Y1        BUFG (Prop_bufg_I_O)         0.091     4.470 r  design_1_i/d_axi_i2s_audio_0/U0/d_axi_i2s_audio_v2_0_AXI_L_inst/Inst_I2sCtl/Inst_Dcm/clkout1_buf/O
                         net (fo=365, routed)         1.558     6.028    design_1_i/d_axi_i2s_audio_0/U0/d_axi_i2s_audio_v2_0_AXI_L_inst/Inst_I2sCtl/Inst_Sampling/U0/inst_fifo_gen/gconvfifo.rf/grf.rf/gntv_or_sync_fifo.gcx.clkx/rd_pntr_cdc_inst/src_clk
    SLICE_X39Y24         FDRE                                         r  design_1_i/d_axi_i2s_audio_0/U0/d_axi_i2s_audio_v2_0_AXI_L_inst/Inst_I2sCtl/Inst_Sampling/U0/inst_fifo_gen/gconvfifo.rf/grf.rf/gntv_or_sync_fifo.gcx.clkx/rd_pntr_cdc_inst/src_gray_ff_reg[2]/C
  -------------------------------------------------------------------    -------------------
    SLICE_X39Y24         FDRE (Prop_fdre_C_Q)         0.367     6.395 r  design_1_i/d_axi_i2s_audio_0/U0/d_axi_i2s_audio_v2_0_AXI_L_inst/Inst_I2sCtl/Inst_Sampling/U0/inst_fifo_gen/gconvfifo.rf/grf.rf/gntv_or_sync_fifo.gcx.clkx/rd_pntr_cdc_inst/src_gray_ff_reg[2]/Q
                         net (fo=1, routed)           0.378     6.773    design_1_i/d_axi_i2s_audio_0/U0/d_axi_i2s_audio_v2_0_AXI_L_inst/Inst_I2sCtl/Inst_Sampling/U0/inst_fifo_gen/gconvfifo.rf/grf.rf/gntv_or_sync_fifo.gcx.clkx/rd_pntr_cdc_inst/async_path[2]
    SLICE_X40Y24         FDRE                                         r  design_1_i/d_axi_i2s_audio_0/U0/d_axi_i2s_audio_v2_0_AXI_L_inst/Inst_I2sCtl/Inst_Sampling/U0/inst_fifo_gen/gconvfifo.rf/grf.rf/gntv_or_sync_fifo.gcx.clkx/rd_pntr_cdc_inst/dest_graysync_ff_reg[0][2]/D
  -------------------------------------------------------------------    -------------------

                         (clock clk_fpga_0 rise edge)
                                                      0.000     0.000 r  
    PS7_X0Y0             PS7                          0.000     0.000 r  design_1_i/processing_system7_0/inst/PS7_i/FCLKCLK[0]
                         net (fo=1, routed)           1.207     1.207    design_1_i/processing_system7_0/inst/FCLK_CLK_unbuffered[0]
    BUFGCTRL_X0Y0        BUFG (Prop_bufg_I_O)         0.101     1.308 r  design_1_i/processing_system7_0/inst/buffer_fclk_clk_0.FCLK_CLK_0_BUFG/O
                         net (fo=5020, routed)        1.734     3.042    design_1_i/d_axi_i2s_audio_0/U0/d_axi_i2s_audio_v2_0_AXI_L_inst/Inst_I2sCtl/Inst_Sampling/U0/inst_fifo_gen/gconvfifo.rf/grf.rf/gntv_or_sync_fifo.gcx.clkx/rd_pntr_cdc_inst/dest_clk
    SLICE_X40Y24         FDRE                                         r  design_1_i/d_axi_i2s_audio_0/U0/d_axi_i2s_audio_v2_0_AXI_L_inst/Inst_I2sCtl/Inst_Sampling/U0/inst_fifo_gen/gconvfifo.rf/grf.rf/gntv_or_sync_fifo.gcx.clkx/rd_pntr_cdc_inst/dest_graysync_ff_reg[0][2]/C
                         clock pessimism             -0.116     2.926    
    SLICE_X40Y24         FDRE (Hold_fdre_C_D)         0.169     3.095    design_1_i/d_axi_i2s_audio_0/U0/d_axi_i2s_audio_v2_0_AXI_L_inst/Inst_I2sCtl/Inst_Sampling/U0/inst_fifo_gen/gconvfifo.rf/grf.rf/gntv_or_sync_fifo.gcx.clkx/rd_pntr_cdc_inst/dest_graysync_ff_reg[0][2]
  -------------------------------------------------------------------
                         data arrival                           6.773    
                         clock arrival                          3.095    
  -------------------------------------------------------------------
                         relative delay                         3.678    



Id: 2
set_bus_skew -from [get_cells [list {design_1_i/d_axi_i2s_audio_0/U0/d_axi_i2s_audio_v2_0_AXI_L_inst/Inst_I2sCtl/Inst_Sampling/U0/inst_fifo_gen/gconvfifo.rf/grf.rf/gntv_or_sync_fifo.gcx.clkx/wr_pntr_cdc_inst/src_gray_ff_reg[0]} {design_1_i/d_axi_i2s_audio_0/U0/d_axi_i2s_audio_v2_0_AXI_L_inst/Inst_I2sCtl/Inst_Sampling/U0/inst_fifo_gen/gconvfifo.rf/grf.rf/gntv_or_sync_fifo.gcx.clkx/wr_pntr_cdc_inst/src_gray_ff_reg[1]} {design_1_i/d_axi_i2s_audio_0/U0/d_axi_i2s_audio_v2_0_AXI_L_inst/Inst_I2sCtl/Inst_Sampling/U0/inst_fifo_gen/gconvfifo.rf/grf.rf/gntv_or_sync_fifo.gcx.clkx/wr_pntr_cdc_inst/src_gray_ff_reg[2]} {design_1_i/d_axi_i2s_audio_0/U0/d_axi_i2s_audio_v2_0_AXI_L_inst/Inst_I2sCtl/Inst_Sampling/U0/inst_fifo_gen/gconvfifo.rf/grf.rf/gntv_or_sync_fifo.gcx.clkx/wr_pntr_cdc_inst/src_gray_ff_reg[3]}]] -to [get_cells [list {design_1_i/d_axi_i2s_audio_0/U0/d_axi_i2s_audio_v2_0_AXI_L_inst/Inst_I2sCtl/Inst_Sampling/U0/inst_fifo_gen/gconvfifo.rf/grf.rf/gntv_or_sync_fifo.gcx.clkx/wr_pntr_cdc_inst/dest_graysync_ff_reg[0][0]} {design_1_i/d_axi_i2s_audio_0/U0/d_axi_i2s_audio_v2_0_AXI_L_inst/Inst_I2sCtl/Inst_Sampling/U0/inst_fifo_gen/gconvfifo.rf/grf.rf/gntv_or_sync_fifo.gcx.clkx/wr_pntr_cdc_inst/dest_graysync_ff_reg[0][1]} {design_1_i/d_axi_i2s_audio_0/U0/d_axi_i2s_audio_v2_0_AXI_L_inst/Inst_I2sCtl/Inst_Sampling/U0/inst_fifo_gen/gconvfifo.rf/grf.rf/gntv_or_sync_fifo.gcx.clkx/wr_pntr_cdc_inst/dest_graysync_ff_reg[0][2]} {design_1_i/d_axi_i2s_audio_0/U0/d_axi_i2s_audio_v2_0_AXI_L_inst/Inst_I2sCtl/Inst_Sampling/U0/inst_fifo_gen/gconvfifo.rf/grf.rf/gntv_or_sync_fifo.gcx.clkx/wr_pntr_cdc_inst/dest_graysync_ff_reg[0][3]}]] 10.000
Requirement: 10.000ns
Endpoints: 4

From Clock            To Clock              Endpoint Pin                    Reference Pin                   Corner  Actual(ns)  Slack(ns)
--------------------  --------------------  ------------------------------  ------------------------------  ------  ----------  ---------
clk_fpga_0            clkout0               design_1_i/d_axi_i2s_audio_0/U0/d_axi_i2s_audio_v2_0_AXI_L_inst/Inst_I2sCtl/Inst_Sampling/U0/inst_fifo_gen/gconvfifo.rf/grf.rf/gntv_or_sync_fifo.gcx.clkx/wr_pntr_cdc_inst/dest_graysync_ff_reg[0][3]/D
                                                                            design_1_i/d_axi_i2s_audio_0/U0/d_axi_i2s_audio_v2_0_AXI_L_inst/Inst_I2sCtl/Inst_Sampling/U0/inst_fifo_gen/gconvfifo.rf/grf.rf/gntv_or_sync_fifo.gcx.clkx/wr_pntr_cdc_inst/dest_graysync_ff_reg[0][2]/D
                                                                                                            Slow         0.686      9.314


Slack (MET) :             9.314ns  (requirement - actual skew)
  Endpoint Source:        design_1_i/d_axi_i2s_audio_0/U0/d_axi_i2s_audio_v2_0_AXI_L_inst/Inst_I2sCtl/Inst_Sampling/U0/inst_fifo_gen/gconvfifo.rf/grf.rf/gntv_or_sync_fifo.gcx.clkx/wr_pntr_cdc_inst/src_gray_ff_reg[3]/C
                            (rising edge-triggered cell FDRE clocked by clk_fpga_0)
  Endpoint Destination:   design_1_i/d_axi_i2s_audio_0/U0/d_axi_i2s_audio_v2_0_AXI_L_inst/Inst_I2sCtl/Inst_Sampling/U0/inst_fifo_gen/gconvfifo.rf/grf.rf/gntv_or_sync_fifo.gcx.clkx/wr_pntr_cdc_inst/dest_graysync_ff_reg[0][3]/D
                            (rising edge-triggered cell FDRE clocked by clkout0)
  Reference Source:       design_1_i/d_axi_i2s_audio_0/U0/d_axi_i2s_audio_v2_0_AXI_L_inst/Inst_I2sCtl/Inst_Sampling/U0/inst_fifo_gen/gconvfifo.rf/grf.rf/gntv_or_sync_fifo.gcx.clkx/wr_pntr_cdc_inst/src_gray_ff_reg[2]/C
                            (rising edge-triggered cell FDRE clocked by clk_fpga_0)
  Reference Destination:  design_1_i/d_axi_i2s_audio_0/U0/d_axi_i2s_audio_v2_0_AXI_L_inst/Inst_I2sCtl/Inst_Sampling/U0/inst_fifo_gen/gconvfifo.rf/grf.rf/gntv_or_sync_fifo.gcx.clkx/wr_pntr_cdc_inst/dest_graysync_ff_reg[0][2]/D
                            (rising edge-triggered cell FDRE clocked by clkout0)
  Path Type:              Bus Skew (Max at Slow Process Corner)
  Requirement:            10.000ns
  Endpoint Relative Delay:   -1.933ns
  Reference Relative Delay:  -3.252ns
  Relative CRPR:              0.634ns
  Actual Bus Skew:            0.686ns  (Endpoint Relative Delay - Reference Relative Delay - Relative CRPR)

Endpoint path:
    Location             Delay type                Incr(ns)  Path(ns)    Netlist Resource(s)
  -------------------------------------------------------------------    -------------------
                         (clock clk_fpga_0 rise edge)
                                                      0.000     0.000 r  
    PS7_X0Y0             PS7                          0.000     0.000 r  design_1_i/processing_system7_0/inst/PS7_i/FCLKCLK[0]
                         net (fo=1, routed)           1.207     1.207    design_1_i/processing_system7_0/inst/FCLK_CLK_unbuffered[0]
    BUFGCTRL_X0Y0        BUFG (Prop_bufg_I_O)         0.101     1.308 r  design_1_i/processing_system7_0/inst/buffer_fclk_clk_0.FCLK_CLK_0_BUFG/O
                         net (fo=5020, routed)        1.735     3.043    design_1_i/d_axi_i2s_audio_0/U0/d_axi_i2s_audio_v2_0_AXI_L_inst/Inst_I2sCtl/Inst_Sampling/U0/inst_fifo_gen/gconvfifo.rf/grf.rf/gntv_or_sync_fifo.gcx.clkx/wr_pntr_cdc_inst/src_clk
    SLICE_X38Y27         FDRE                                         r  design_1_i/d_axi_i2s_audio_0/U0/d_axi_i2s_audio_v2_0_AXI_L_inst/Inst_I2sCtl/Inst_Sampling/U0/inst_fifo_gen/gconvfifo.rf/grf.rf/gntv_or_sync_fifo.gcx.clkx/wr_pntr_cdc_inst/src_gray_ff_reg[3]/C
  -------------------------------------------------------------------    -------------------
    SLICE_X38Y27         FDRE (Prop_fdre_C_Q)         0.518     3.561 r  design_1_i/d_axi_i2s_audio_0/U0/d_axi_i2s_audio_v2_0_AXI_L_inst/Inst_I2sCtl/Inst_Sampling/U0/inst_fifo_gen/gconvfifo.rf/grf.rf/gntv_or_sync_fifo.gcx.clkx/wr_pntr_cdc_inst/src_gray_ff_reg[3]/Q
                         net (fo=1, routed)           0.594     4.155    design_1_i/d_axi_i2s_audio_0/U0/d_axi_i2s_audio_v2_0_AXI_L_inst/Inst_I2sCtl/Inst_Sampling/U0/inst_fifo_gen/gconvfifo.rf/grf.rf/gntv_or_sync_fifo.gcx.clkx/wr_pntr_cdc_inst/async_path[3]
    SLICE_X38Y26         FDRE                                         r  design_1_i/d_axi_i2s_audio_0/U0/d_axi_i2s_audio_v2_0_AXI_L_inst/Inst_I2sCtl/Inst_Sampling/U0/inst_fifo_gen/gconvfifo.rf/grf.rf/gntv_or_sync_fifo.gcx.clkx/wr_pntr_cdc_inst/dest_graysync_ff_reg[0][3]/D
  -------------------------------------------------------------------    -------------------

                         (clock clkout0 rise edge)    0.000     0.000 r  
    PS7_X0Y0             PS7                          0.000     0.000 r  design_1_i/processing_system7_0/inst/PS7_i/FCLKCLK[0]
                         net (fo=1, routed)           1.101     1.101    design_1_i/processing_system7_0/inst/FCLK_CLK_unbuffered[0]
    BUFGCTRL_X0Y0        BUFG (Prop_bufg_I_O)         0.091     1.192 r  design_1_i/processing_system7_0/inst/buffer_fclk_clk_0.FCLK_CLK_0_BUFG/O
                         net (fo=5020, routed)        1.509     2.701    design_1_i/d_axi_i2s_audio_0/U0/d_axi_i2s_audio_v2_0_AXI_L_inst/Inst_I2sCtl/Inst_Dcm/CLK_100MHZ_I
    PLLE2_ADV_X0Y0       PLLE2_ADV (Prop_plle2_adv_CLKIN1_CLKOUT0)
                                                      0.083     2.784 r  design_1_i/d_axi_i2s_audio_0/U0/d_axi_i2s_audio_v2_0_AXI_L_inst/Inst_I2sCtl/Inst_Dcm/plle2_adv_inst/CLKOUT0
                         net (fo=1, routed)           1.594     4.379    design_1_i/d_axi_i2s_audio_0/U0/d_axi_i2s_audio_v2_0_AXI_L_inst/Inst_I2sCtl/Inst_Dcm/clkout0
    BUFGCTRL_X0Y1        BUFG (Prop_bufg_I_O)         0.091     4.470 r  design_1_i/d_axi_i2s_audio_0/U0/d_axi_i2s_audio_v2_0_AXI_L_inst/Inst_I2sCtl/Inst_Dcm/clkout1_buf/O
                         net (fo=365, routed)         1.560     6.030    design_1_i/d_axi_i2s_audio_0/U0/d_axi_i2s_audio_v2_0_AXI_L_inst/Inst_I2sCtl/Inst_Sampling/U0/inst_fifo_gen/gconvfifo.rf/grf.rf/gntv_or_sync_fifo.gcx.clkx/wr_pntr_cdc_inst/dest_clk
    SLICE_X38Y26         FDRE                                         r  design_1_i/d_axi_i2s_audio_0/U0/d_axi_i2s_audio_v2_0_AXI_L_inst/Inst_I2sCtl/Inst_Sampling/U0/inst_fifo_gen/gconvfifo.rf/grf.rf/gntv_or_sync_fifo.gcx.clkx/wr_pntr_cdc_inst/dest_graysync_ff_reg[0][3]/C
                         clock pessimism              0.116     6.146    
    SLICE_X38Y26         FDRE (Setup_fdre_C_D)       -0.058     6.088    design_1_i/d_axi_i2s_audio_0/U0/d_axi_i2s_audio_v2_0_AXI_L_inst/Inst_I2sCtl/Inst_Sampling/U0/inst_fifo_gen/gconvfifo.rf/grf.rf/gntv_or_sync_fifo.gcx.clkx/wr_pntr_cdc_inst/dest_graysync_ff_reg[0][3]
  -------------------------------------------------------------------
                         data arrival                           4.155    
                         clock arrival                          6.088    
  -------------------------------------------------------------------
                         relative delay                        -1.933    

Reference path:
    Location             Delay type                Incr(ns)  Path(ns)    Netlist Resource(s)
  -------------------------------------------------------------------    -------------------
                         (clock clk_fpga_0 rise edge)
                                                      0.000     0.000 r  
    PS7_X0Y0             PS7                          0.000     0.000 r  design_1_i/processing_system7_0/inst/PS7_i/FCLKCLK[0]
                         net (fo=1, routed)           1.101     1.101    design_1_i/processing_system7_0/inst/FCLK_CLK_unbuffered[0]
    BUFGCTRL_X0Y0        BUFG (Prop_bufg_I_O)         0.091     1.192 r  design_1_i/processing_system7_0/inst/buffer_fclk_clk_0.FCLK_CLK_0_BUFG/O
                         net (fo=5020, routed)        1.561     2.753    design_1_i/d_axi_i2s_audio_0/U0/d_axi_i2s_audio_v2_0_AXI_L_inst/Inst_I2sCtl/Inst_Sampling/U0/inst_fifo_gen/gconvfifo.rf/grf.rf/gntv_or_sync_fifo.gcx.clkx/wr_pntr_cdc_inst/src_clk
    SLICE_X40Y26         FDRE                                         r  design_1_i/d_axi_i2s_audio_0/U0/d_axi_i2s_audio_v2_0_AXI_L_inst/Inst_I2sCtl/Inst_Sampling/U0/inst_fifo_gen/gconvfifo.rf/grf.rf/gntv_or_sync_fifo.gcx.clkx/wr_pntr_cdc_inst/src_gray_ff_reg[2]/C
  -------------------------------------------------------------------    -------------------
    SLICE_X40Y26         FDRE (Prop_fdre_C_Q)         0.367     3.121 r  design_1_i/d_axi_i2s_audio_0/U0/d_axi_i2s_audio_v2_0_AXI_L_inst/Inst_I2sCtl/Inst_Sampling/U0/inst_fifo_gen/gconvfifo.rf/grf.rf/gntv_or_sync_fifo.gcx.clkx/wr_pntr_cdc_inst/src_gray_ff_reg[2]/Q
                         net (fo=1, routed)           0.368     3.489    design_1_i/d_axi_i2s_audio_0/U0/d_axi_i2s_audio_v2_0_AXI_L_inst/Inst_I2sCtl/Inst_Sampling/U0/inst_fifo_gen/gconvfifo.rf/grf.rf/gntv_or_sync_fifo.gcx.clkx/wr_pntr_cdc_inst/async_path[2]
    SLICE_X39Y26         FDRE                                         r  design_1_i/d_axi_i2s_audio_0/U0/d_axi_i2s_audio_v2_0_AXI_L_inst/Inst_I2sCtl/Inst_Sampling/U0/inst_fifo_gen/gconvfifo.rf/grf.rf/gntv_or_sync_fifo.gcx.clkx/wr_pntr_cdc_inst/dest_graysync_ff_reg[0][2]/D
  -------------------------------------------------------------------    -------------------

                         (clock clkout0 rise edge)    0.000     0.000 r  
    PS7_X0Y0             PS7                          0.000     0.000 r  design_1_i/processing_system7_0/inst/PS7_i/FCLKCLK[0]
                         net (fo=1, routed)           1.207     1.207    design_1_i/processing_system7_0/inst/FCLK_CLK_unbuffered[0]
    BUFGCTRL_X0Y0        BUFG (Prop_bufg_I_O)         0.101     1.308 r  design_1_i/processing_system7_0/inst/buffer_fclk_clk_0.FCLK_CLK_0_BUFG/O
                         net (fo=5020, routed)        1.702     3.010    design_1_i/d_axi_i2s_audio_0/U0/d_axi_i2s_audio_v2_0_AXI_L_inst/Inst_I2sCtl/Inst_Dcm/CLK_100MHZ_I
    PLLE2_ADV_X0Y0       PLLE2_ADV (Prop_plle2_adv_CLKIN1_CLKOUT0)
                                                      0.088     3.098 r  design_1_i/d_axi_i2s_audio_0/U0/d_axi_i2s_audio_v2_0_AXI_L_inst/Inst_I2sCtl/Inst_Dcm/plle2_adv_inst/CLKOUT0
                         net (fo=1, routed)           1.754     4.852    design_1_i/d_axi_i2s_audio_0/U0/d_axi_i2s_audio_v2_0_AXI_L_inst/Inst_I2sCtl/Inst_Dcm/clkout0
    BUFGCTRL_X0Y1        BUFG (Prop_bufg_I_O)         0.101     4.953 r  design_1_i/d_axi_i2s_audio_0/U0/d_axi_i2s_audio_v2_0_AXI_L_inst/Inst_I2sCtl/Inst_Dcm/clkout1_buf/O
                         net (fo=365, routed)         1.734     6.687    design_1_i/d_axi_i2s_audio_0/U0/d_axi_i2s_audio_v2_0_AXI_L_inst/Inst_I2sCtl/Inst_Sampling/U0/inst_fifo_gen/gconvfifo.rf/grf.rf/gntv_or_sync_fifo.gcx.clkx/wr_pntr_cdc_inst/dest_clk
    SLICE_X39Y26         FDRE                                         r  design_1_i/d_axi_i2s_audio_0/U0/d_axi_i2s_audio_v2_0_AXI_L_inst/Inst_I2sCtl/Inst_Sampling/U0/inst_fifo_gen/gconvfifo.rf/grf.rf/gntv_or_sync_fifo.gcx.clkx/wr_pntr_cdc_inst/dest_graysync_ff_reg[0][2]/C
                         clock pessimism             -0.116     6.571    
    SLICE_X39Y26         FDRE (Hold_fdre_C_D)         0.170     6.741    design_1_i/d_axi_i2s_audio_0/U0/d_axi_i2s_audio_v2_0_AXI_L_inst/Inst_I2sCtl/Inst_Sampling/U0/inst_fifo_gen/gconvfifo.rf/grf.rf/gntv_or_sync_fifo.gcx.clkx/wr_pntr_cdc_inst/dest_graysync_ff_reg[0][2]
  -------------------------------------------------------------------
                         data arrival                           3.489    
                         clock arrival                          6.741    
  -------------------------------------------------------------------
                         relative delay                        -3.252    



Id: 3
set_bus_skew -from [get_cells [list {design_1_i/d_axi_i2s_audio_0/U0/d_axi_i2s_audio_v2_0_AXI_L_inst/Inst_I2sCtl/Inst_I2sRxFifo/U0/inst_fifo_gen/gconvfifo.rf/grf.rf/gntv_or_sync_fifo.gcx.clkx/rd_pntr_cdc_inst/src_gray_ff_reg[0]} \
          {design_1_i/d_axi_i2s_audio_0/U0/d_axi_i2s_audio_v2_0_AXI_L_inst/Inst_I2sCtl/Inst_I2sRxFifo/U0/inst_fifo_gen/gconvfifo.rf/grf.rf/gntv_or_sync_fifo.gcx.clkx/rd_pntr_cdc_inst/src_gray_ff_reg[10]} \
          {design_1_i/d_axi_i2s_audio_0/U0/d_axi_i2s_audio_v2_0_AXI_L_inst/Inst_I2sCtl/Inst_I2sRxFifo/U0/inst_fifo_gen/gconvfifo.rf/grf.rf/gntv_or_sync_fifo.gcx.clkx/rd_pntr_cdc_inst/src_gray_ff_reg[11]} \
          {design_1_i/d_axi_i2s_audio_0/U0/d_axi_i2s_audio_v2_0_AXI_L_inst/Inst_I2sCtl/Inst_I2sRxFifo/U0/inst_fifo_gen/gconvfifo.rf/grf.rf/gntv_or_sync_fifo.gcx.clkx/rd_pntr_cdc_inst/src_gray_ff_reg[1]} \
          {design_1_i/d_axi_i2s_audio_0/U0/d_axi_i2s_audio_v2_0_AXI_L_inst/Inst_I2sCtl/Inst_I2sRxFifo/U0/inst_fifo_gen/gconvfifo.rf/grf.rf/gntv_or_sync_fifo.gcx.clkx/rd_pntr_cdc_inst/src_gray_ff_reg[2]} \
          {design_1_i/d_axi_i2s_audio_0/U0/d_axi_i2s_audio_v2_0_AXI_L_inst/Inst_I2sCtl/Inst_I2sRxFifo/U0/inst_fifo_gen/gconvfifo.rf/grf.rf/gntv_or_sync_fifo.gcx.clkx/rd_pntr_cdc_inst/src_gray_ff_reg[3]} \
          {design_1_i/d_axi_i2s_audio_0/U0/d_axi_i2s_audio_v2_0_AXI_L_inst/Inst_I2sCtl/Inst_I2sRxFifo/U0/inst_fifo_gen/gconvfifo.rf/grf.rf/gntv_or_sync_fifo.gcx.clkx/rd_pntr_cdc_inst/src_gray_ff_reg[4]} \
          {design_1_i/d_axi_i2s_audio_0/U0/d_axi_i2s_audio_v2_0_AXI_L_inst/Inst_I2sCtl/Inst_I2sRxFifo/U0/inst_fifo_gen/gconvfifo.rf/grf.rf/gntv_or_sync_fifo.gcx.clkx/rd_pntr_cdc_inst/src_gray_ff_reg[5]} \
          {design_1_i/d_axi_i2s_audio_0/U0/d_axi_i2s_audio_v2_0_AXI_L_inst/Inst_I2sCtl/Inst_I2sRxFifo/U0/inst_fifo_gen/gconvfifo.rf/grf.rf/gntv_or_sync_fifo.gcx.clkx/rd_pntr_cdc_inst/src_gray_ff_reg[6]} \
          {design_1_i/d_axi_i2s_audio_0/U0/d_axi_i2s_audio_v2_0_AXI_L_inst/Inst_I2sCtl/Inst_I2sRxFifo/U0/inst_fifo_gen/gconvfifo.rf/grf.rf/gntv_or_sync_fifo.gcx.clkx/rd_pntr_cdc_inst/src_gray_ff_reg[7]} \
          {design_1_i/d_axi_i2s_audio_0/U0/d_axi_i2s_audio_v2_0_AXI_L_inst/Inst_I2sCtl/Inst_I2sRxFifo/U0/inst_fifo_gen/gconvfifo.rf/grf.rf/gntv_or_sync_fifo.gcx.clkx/rd_pntr_cdc_inst/src_gray_ff_reg[8]} \
          {design_1_i/d_axi_i2s_audio_0/U0/d_axi_i2s_audio_v2_0_AXI_L_inst/Inst_I2sCtl/Inst_I2sRxFifo/U0/inst_fifo_gen/gconvfifo.rf/grf.rf/gntv_or_sync_fifo.gcx.clkx/rd_pntr_cdc_inst/src_gray_ff_reg[9]}]] -to [get_cells [list {design_1_i/d_axi_i2s_audio_0/U0/d_axi_i2s_audio_v2_0_AXI_L_inst/Inst_I2sCtl/Inst_I2sRxFifo/U0/inst_fifo_gen/gconvfifo.rf/grf.rf/gntv_or_sync_fifo.gcx.clkx/rd_pntr_cdc_inst/dest_graysync_ff_reg[0][0]} \
          {design_1_i/d_axi_i2s_audio_0/U0/d_axi_i2s_audio_v2_0_AXI_L_inst/Inst_I2sCtl/Inst_I2sRxFifo/U0/inst_fifo_gen/gconvfifo.rf/grf.rf/gntv_or_sync_fifo.gcx.clkx/rd_pntr_cdc_inst/dest_graysync_ff_reg[0][10]} \
          {design_1_i/d_axi_i2s_audio_0/U0/d_axi_i2s_audio_v2_0_AXI_L_inst/Inst_I2sCtl/Inst_I2sRxFifo/U0/inst_fifo_gen/gconvfifo.rf/grf.rf/gntv_or_sync_fifo.gcx.clkx/rd_pntr_cdc_inst/dest_graysync_ff_reg[0][11]} \
          {design_1_i/d_axi_i2s_audio_0/U0/d_axi_i2s_audio_v2_0_AXI_L_inst/Inst_I2sCtl/Inst_I2sRxFifo/U0/inst_fifo_gen/gconvfifo.rf/grf.rf/gntv_or_sync_fifo.gcx.clkx/rd_pntr_cdc_inst/dest_graysync_ff_reg[0][1]} \
          {design_1_i/d_axi_i2s_audio_0/U0/d_axi_i2s_audio_v2_0_AXI_L_inst/Inst_I2sCtl/Inst_I2sRxFifo/U0/inst_fifo_gen/gconvfifo.rf/grf.rf/gntv_or_sync_fifo.gcx.clkx/rd_pntr_cdc_inst/dest_graysync_ff_reg[0][2]} \
          {design_1_i/d_axi_i2s_audio_0/U0/d_axi_i2s_audio_v2_0_AXI_L_inst/Inst_I2sCtl/Inst_I2sRxFifo/U0/inst_fifo_gen/gconvfifo.rf/grf.rf/gntv_or_sync_fifo.gcx.clkx/rd_pntr_cdc_inst/dest_graysync_ff_reg[0][3]} \
          {design_1_i/d_axi_i2s_audio_0/U0/d_axi_i2s_audio_v2_0_AXI_L_inst/Inst_I2sCtl/Inst_I2sRxFifo/U0/inst_fifo_gen/gconvfifo.rf/grf.rf/gntv_or_sync_fifo.gcx.clkx/rd_pntr_cdc_inst/dest_graysync_ff_reg[0][4]} \
          {design_1_i/d_axi_i2s_audio_0/U0/d_axi_i2s_audio_v2_0_AXI_L_inst/Inst_I2sCtl/Inst_I2sRxFifo/U0/inst_fifo_gen/gconvfifo.rf/grf.rf/gntv_or_sync_fifo.gcx.clkx/rd_pntr_cdc_inst/dest_graysync_ff_reg[0][5]} \
          {design_1_i/d_axi_i2s_audio_0/U0/d_axi_i2s_audio_v2_0_AXI_L_inst/Inst_I2sCtl/Inst_I2sRxFifo/U0/inst_fifo_gen/gconvfifo.rf/grf.rf/gntv_or_sync_fifo.gcx.clkx/rd_pntr_cdc_inst/dest_graysync_ff_reg[0][6]} \
          {design_1_i/d_axi_i2s_audio_0/U0/d_axi_i2s_audio_v2_0_AXI_L_inst/Inst_I2sCtl/Inst_I2sRxFifo/U0/inst_fifo_gen/gconvfifo.rf/grf.rf/gntv_or_sync_fifo.gcx.clkx/rd_pntr_cdc_inst/dest_graysync_ff_reg[0][7]} \
          {design_1_i/d_axi_i2s_audio_0/U0/d_axi_i2s_audio_v2_0_AXI_L_inst/Inst_I2sCtl/Inst_I2sRxFifo/U0/inst_fifo_gen/gconvfifo.rf/grf.rf/gntv_or_sync_fifo.gcx.clkx/rd_pntr_cdc_inst/dest_graysync_ff_reg[0][8]} \
          {design_1_i/d_axi_i2s_audio_0/U0/d_axi_i2s_audio_v2_0_AXI_L_inst/Inst_I2sCtl/Inst_I2sRxFifo/U0/inst_fifo_gen/gconvfifo.rf/grf.rf/gntv_or_sync_fifo.gcx.clkx/rd_pntr_cdc_inst/dest_graysync_ff_reg[0][9]}]] 10.000
Requirement: 10.000ns
Endpoints: 12

From Clock            To Clock              Endpoint Pin                    Reference Pin                   Corner  Actual(ns)  Slack(ns)
--------------------  --------------------  ------------------------------  ------------------------------  ------  ----------  ---------
clk_fpga_0            clkout0               design_1_i/d_axi_i2s_audio_0/U0/d_axi_i2s_audio_v2_0_AXI_L_inst/Inst_I2sCtl/Inst_I2sRxFifo/U0/inst_fifo_gen/gconvfifo.rf/grf.rf/gntv_or_sync_fifo.gcx.clkx/rd_pntr_cdc_inst/dest_graysync_ff_reg[0][0]/D
                                                                            design_1_i/d_axi_i2s_audio_0/U0/d_axi_i2s_audio_v2_0_AXI_L_inst/Inst_I2sCtl/Inst_I2sRxFifo/U0/inst_fifo_gen/gconvfifo.rf/grf.rf/gntv_or_sync_fifo.gcx.clkx/rd_pntr_cdc_inst/dest_graysync_ff_reg[0][4]/D
                                                                                                            Slow         0.999      9.001


Slack (MET) :             9.001ns  (requirement - actual skew)
  Endpoint Source:        design_1_i/d_axi_i2s_audio_0/U0/d_axi_i2s_audio_v2_0_AXI_L_inst/Inst_I2sCtl/Inst_I2sRxFifo/U0/inst_fifo_gen/gconvfifo.rf/grf.rf/gntv_or_sync_fifo.gcx.clkx/rd_pntr_cdc_inst/src_gray_ff_reg[0]/C
                            (rising edge-triggered cell FDRE clocked by clk_fpga_0)
  Endpoint Destination:   design_1_i/d_axi_i2s_audio_0/U0/d_axi_i2s_audio_v2_0_AXI_L_inst/Inst_I2sCtl/Inst_I2sRxFifo/U0/inst_fifo_gen/gconvfifo.rf/grf.rf/gntv_or_sync_fifo.gcx.clkx/rd_pntr_cdc_inst/dest_graysync_ff_reg[0][0]/D
                            (rising edge-triggered cell FDRE clocked by clkout0)
  Reference Source:       design_1_i/d_axi_i2s_audio_0/U0/d_axi_i2s_audio_v2_0_AXI_L_inst/Inst_I2sCtl/Inst_I2sRxFifo/U0/inst_fifo_gen/gconvfifo.rf/grf.rf/gntv_or_sync_fifo.gcx.clkx/rd_pntr_cdc_inst/src_gray_ff_reg[4]/C
                            (rising edge-triggered cell FDRE clocked by clk_fpga_0)
  Reference Destination:  design_1_i/d_axi_i2s_audio_0/U0/d_axi_i2s_audio_v2_0_AXI_L_inst/Inst_I2sCtl/Inst_I2sRxFifo/U0/inst_fifo_gen/gconvfifo.rf/grf.rf/gntv_or_sync_fifo.gcx.clkx/rd_pntr_cdc_inst/dest_graysync_ff_reg[0][4]/D
                            (rising edge-triggered cell FDRE clocked by clkout0)
  Path Type:              Bus Skew (Max at Slow Process Corner)
  Requirement:            10.000ns
  Endpoint Relative Delay:   -1.580ns
  Reference Relative Delay:  -3.250ns
  Relative CRPR:              0.672ns
  Actual Bus Skew:            0.999ns  (Endpoint Relative Delay - Reference Relative Delay - Relative CRPR)

Endpoint path:
    Location             Delay type                Incr(ns)  Path(ns)    Netlist Resource(s)
  -------------------------------------------------------------------    -------------------
                         (clock clk_fpga_0 rise edge)
                                                      0.000     0.000 r  
    PS7_X0Y0             PS7                          0.000     0.000 r  design_1_i/processing_system7_0/inst/PS7_i/FCLKCLK[0]
                         net (fo=1, routed)           1.207     1.207    design_1_i/processing_system7_0/inst/FCLK_CLK_unbuffered[0]
    BUFGCTRL_X0Y0        BUFG (Prop_bufg_I_O)         0.101     1.308 r  design_1_i/processing_system7_0/inst/buffer_fclk_clk_0.FCLK_CLK_0_BUFG/O
                         net (fo=5020, routed)        1.750     3.058    design_1_i/d_axi_i2s_audio_0/U0/d_axi_i2s_audio_v2_0_AXI_L_inst/Inst_I2sCtl/Inst_I2sRxFifo/U0/inst_fifo_gen/gconvfifo.rf/grf.rf/gntv_or_sync_fifo.gcx.clkx/rd_pntr_cdc_inst/src_clk
    SLICE_X38Y9          FDRE                                         r  design_1_i/d_axi_i2s_audio_0/U0/d_axi_i2s_audio_v2_0_AXI_L_inst/Inst_I2sCtl/Inst_I2sRxFifo/U0/inst_fifo_gen/gconvfifo.rf/grf.rf/gntv_or_sync_fifo.gcx.clkx/rd_pntr_cdc_inst/src_gray_ff_reg[0]/C
  -------------------------------------------------------------------    -------------------
    SLICE_X38Y9          FDRE (Prop_fdre_C_Q)         0.518     3.576 r  design_1_i/d_axi_i2s_audio_0/U0/d_axi_i2s_audio_v2_0_AXI_L_inst/Inst_I2sCtl/Inst_I2sRxFifo/U0/inst_fifo_gen/gconvfifo.rf/grf.rf/gntv_or_sync_fifo.gcx.clkx/rd_pntr_cdc_inst/src_gray_ff_reg[0]/Q
                         net (fo=1, routed)           0.909     4.485    design_1_i/d_axi_i2s_audio_0/U0/d_axi_i2s_audio_v2_0_AXI_L_inst/Inst_I2sCtl/Inst_I2sRxFifo/U0/inst_fifo_gen/gconvfifo.rf/grf.rf/gntv_or_sync_fifo.gcx.clkx/rd_pntr_cdc_inst/async_path[0]
    SLICE_X41Y9          FDRE                                         r  design_1_i/d_axi_i2s_audio_0/U0/d_axi_i2s_audio_v2_0_AXI_L_inst/Inst_I2sCtl/Inst_I2sRxFifo/U0/inst_fifo_gen/gconvfifo.rf/grf.rf/gntv_or_sync_fifo.gcx.clkx/rd_pntr_cdc_inst/dest_graysync_ff_reg[0][0]/D
  -------------------------------------------------------------------    -------------------

                         (clock clkout0 rise edge)    0.000     0.000 r  
    PS7_X0Y0             PS7                          0.000     0.000 r  design_1_i/processing_system7_0/inst/PS7_i/FCLKCLK[0]
                         net (fo=1, routed)           1.101     1.101    design_1_i/processing_system7_0/inst/FCLK_CLK_unbuffered[0]
    BUFGCTRL_X0Y0        BUFG (Prop_bufg_I_O)         0.091     1.192 r  design_1_i/processing_system7_0/inst/buffer_fclk_clk_0.FCLK_CLK_0_BUFG/O
                         net (fo=5020, routed)        1.509     2.701    design_1_i/d_axi_i2s_audio_0/U0/d_axi_i2s_audio_v2_0_AXI_L_inst/Inst_I2sCtl/Inst_Dcm/CLK_100MHZ_I
    PLLE2_ADV_X0Y0       PLLE2_ADV (Prop_plle2_adv_CLKIN1_CLKOUT0)
                                                      0.083     2.784 r  design_1_i/d_axi_i2s_audio_0/U0/d_axi_i2s_audio_v2_0_AXI_L_inst/Inst_I2sCtl/Inst_Dcm/plle2_adv_inst/CLKOUT0
                         net (fo=1, routed)           1.594     4.379    design_1_i/d_axi_i2s_audio_0/U0/d_axi_i2s_audio_v2_0_AXI_L_inst/Inst_I2sCtl/Inst_Dcm/clkout0
    BUFGCTRL_X0Y1        BUFG (Prop_bufg_I_O)         0.091     4.470 r  design_1_i/d_axi_i2s_audio_0/U0/d_axi_i2s_audio_v2_0_AXI_L_inst/Inst_I2sCtl/Inst_Dcm/clkout1_buf/O
                         net (fo=365, routed)         1.574     6.044    design_1_i/d_axi_i2s_audio_0/U0/d_axi_i2s_audio_v2_0_AXI_L_inst/Inst_I2sCtl/Inst_I2sRxFifo/U0/inst_fifo_gen/gconvfifo.rf/grf.rf/gntv_or_sync_fifo.gcx.clkx/rd_pntr_cdc_inst/dest_clk
    SLICE_X41Y9          FDRE                                         r  design_1_i/d_axi_i2s_audio_0/U0/d_axi_i2s_audio_v2_0_AXI_L_inst/Inst_I2sCtl/Inst_I2sRxFifo/U0/inst_fifo_gen/gconvfifo.rf/grf.rf/gntv_or_sync_fifo.gcx.clkx/rd_pntr_cdc_inst/dest_graysync_ff_reg[0][0]/C
                         clock pessimism              0.116     6.160    
    SLICE_X41Y9          FDRE (Setup_fdre_C_D)       -0.095     6.065    design_1_i/d_axi_i2s_audio_0/U0/d_axi_i2s_audio_v2_0_AXI_L_inst/Inst_I2sCtl/Inst_I2sRxFifo/U0/inst_fifo_gen/gconvfifo.rf/grf.rf/gntv_or_sync_fifo.gcx.clkx/rd_pntr_cdc_inst/dest_graysync_ff_reg[0][0]
  -------------------------------------------------------------------
                         data arrival                           4.485    
                         clock arrival                          6.065    
  -------------------------------------------------------------------
                         relative delay                        -1.580    

Reference path:
    Location             Delay type                Incr(ns)  Path(ns)    Netlist Resource(s)
  -------------------------------------------------------------------    -------------------
                         (clock clk_fpga_0 rise edge)
                                                      0.000     0.000 r  
    PS7_X0Y0             PS7                          0.000     0.000 r  design_1_i/processing_system7_0/inst/PS7_i/FCLKCLK[0]
                         net (fo=1, routed)           1.101     1.101    design_1_i/processing_system7_0/inst/FCLK_CLK_unbuffered[0]
    BUFGCTRL_X0Y0        BUFG (Prop_bufg_I_O)         0.091     1.192 r  design_1_i/processing_system7_0/inst/buffer_fclk_clk_0.FCLK_CLK_0_BUFG/O
                         net (fo=5020, routed)        1.575     2.767    design_1_i/d_axi_i2s_audio_0/U0/d_axi_i2s_audio_v2_0_AXI_L_inst/Inst_I2sCtl/Inst_I2sRxFifo/U0/inst_fifo_gen/gconvfifo.rf/grf.rf/gntv_or_sync_fifo.gcx.clkx/rd_pntr_cdc_inst/src_clk
    SLICE_X37Y5          FDRE                                         r  design_1_i/d_axi_i2s_audio_0/U0/d_axi_i2s_audio_v2_0_AXI_L_inst/Inst_I2sCtl/Inst_I2sRxFifo/U0/inst_fifo_gen/gconvfifo.rf/grf.rf/gntv_or_sync_fifo.gcx.clkx/rd_pntr_cdc_inst/src_gray_ff_reg[4]/C
  -------------------------------------------------------------------    -------------------
    SLICE_X37Y5          FDRE (Prop_fdre_C_Q)         0.367     3.134 r  design_1_i/d_axi_i2s_audio_0/U0/d_axi_i2s_audio_v2_0_AXI_L_inst/Inst_I2sCtl/Inst_I2sRxFifo/U0/inst_fifo_gen/gconvfifo.rf/grf.rf/gntv_or_sync_fifo.gcx.clkx/rd_pntr_cdc_inst/src_gray_ff_reg[4]/Q
                         net (fo=1, routed)           0.376     3.510    design_1_i/d_axi_i2s_audio_0/U0/d_axi_i2s_audio_v2_0_AXI_L_inst/Inst_I2sCtl/Inst_I2sRxFifo/U0/inst_fifo_gen/gconvfifo.rf/grf.rf/gntv_or_sync_fifo.gcx.clkx/rd_pntr_cdc_inst/async_path[4]
    SLICE_X40Y6          FDRE                                         r  design_1_i/d_axi_i2s_audio_0/U0/d_axi_i2s_audio_v2_0_AXI_L_inst/Inst_I2sCtl/Inst_I2sRxFifo/U0/inst_fifo_gen/gconvfifo.rf/grf.rf/gntv_or_sync_fifo.gcx.clkx/rd_pntr_cdc_inst/dest_graysync_ff_reg[0][4]/D
  -------------------------------------------------------------------    -------------------

                         (clock clkout0 rise edge)    0.000     0.000 r  
    PS7_X0Y0             PS7                          0.000     0.000 r  design_1_i/processing_system7_0/inst/PS7_i/FCLKCLK[0]
                         net (fo=1, routed)           1.207     1.207    design_1_i/processing_system7_0/inst/FCLK_CLK_unbuffered[0]
    BUFGCTRL_X0Y0        BUFG (Prop_bufg_I_O)         0.101     1.308 r  design_1_i/processing_system7_0/inst/buffer_fclk_clk_0.FCLK_CLK_0_BUFG/O
                         net (fo=5020, routed)        1.702     3.010    design_1_i/d_axi_i2s_audio_0/U0/d_axi_i2s_audio_v2_0_AXI_L_inst/Inst_I2sCtl/Inst_Dcm/CLK_100MHZ_I
    PLLE2_ADV_X0Y0       PLLE2_ADV (Prop_plle2_adv_CLKIN1_CLKOUT0)
                                                      0.088     3.098 r  design_1_i/d_axi_i2s_audio_0/U0/d_axi_i2s_audio_v2_0_AXI_L_inst/Inst_I2sCtl/Inst_Dcm/plle2_adv_inst/CLKOUT0
                         net (fo=1, routed)           1.754     4.852    design_1_i/d_axi_i2s_audio_0/U0/d_axi_i2s_audio_v2_0_AXI_L_inst/Inst_I2sCtl/Inst_Dcm/clkout0
    BUFGCTRL_X0Y1        BUFG (Prop_bufg_I_O)         0.101     4.953 r  design_1_i/d_axi_i2s_audio_0/U0/d_axi_i2s_audio_v2_0_AXI_L_inst/Inst_I2sCtl/Inst_Dcm/clkout1_buf/O
                         net (fo=365, routed)         1.754     6.707    design_1_i/d_axi_i2s_audio_0/U0/d_axi_i2s_audio_v2_0_AXI_L_inst/Inst_I2sCtl/Inst_I2sRxFifo/U0/inst_fifo_gen/gconvfifo.rf/grf.rf/gntv_or_sync_fifo.gcx.clkx/rd_pntr_cdc_inst/dest_clk
    SLICE_X40Y6          FDRE                                         r  design_1_i/d_axi_i2s_audio_0/U0/d_axi_i2s_audio_v2_0_AXI_L_inst/Inst_I2sCtl/Inst_I2sRxFifo/U0/inst_fifo_gen/gconvfifo.rf/grf.rf/gntv_or_sync_fifo.gcx.clkx/rd_pntr_cdc_inst/dest_graysync_ff_reg[0][4]/C
                         clock pessimism             -0.116     6.591    
    SLICE_X40Y6          FDRE (Hold_fdre_C_D)         0.169     6.760    design_1_i/d_axi_i2s_audio_0/U0/d_axi_i2s_audio_v2_0_AXI_L_inst/Inst_I2sCtl/Inst_I2sRxFifo/U0/inst_fifo_gen/gconvfifo.rf/grf.rf/gntv_or_sync_fifo.gcx.clkx/rd_pntr_cdc_inst/dest_graysync_ff_reg[0][4]
  -------------------------------------------------------------------
                         data arrival                           3.510    
                         clock arrival                          6.760    
  -------------------------------------------------------------------
                         relative delay                        -3.250    



Id: 4
set_bus_skew -from [get_cells [list {design_1_i/d_axi_i2s_audio_0/U0/d_axi_i2s_audio_v2_0_AXI_L_inst/Inst_I2sCtl/Inst_I2sTxFifo/U0/inst_fifo_gen/gconvfifo.rf/grf.rf/gntv_or_sync_fifo.gcx.clkx/wr_pntr_cdc_inst/src_gray_ff_reg[0]} \
          {design_1_i/d_axi_i2s_audio_0/U0/d_axi_i2s_audio_v2_0_AXI_L_inst/Inst_I2sCtl/Inst_I2sTxFifo/U0/inst_fifo_gen/gconvfifo.rf/grf.rf/gntv_or_sync_fifo.gcx.clkx/wr_pntr_cdc_inst/src_gray_ff_reg[10]} \
          {design_1_i/d_axi_i2s_audio_0/U0/d_axi_i2s_audio_v2_0_AXI_L_inst/Inst_I2sCtl/Inst_I2sTxFifo/U0/inst_fifo_gen/gconvfifo.rf/grf.rf/gntv_or_sync_fifo.gcx.clkx/wr_pntr_cdc_inst/src_gray_ff_reg[11]} \
          {design_1_i/d_axi_i2s_audio_0/U0/d_axi_i2s_audio_v2_0_AXI_L_inst/Inst_I2sCtl/Inst_I2sTxFifo/U0/inst_fifo_gen/gconvfifo.rf/grf.rf/gntv_or_sync_fifo.gcx.clkx/wr_pntr_cdc_inst/src_gray_ff_reg[1]} \
          {design_1_i/d_axi_i2s_audio_0/U0/d_axi_i2s_audio_v2_0_AXI_L_inst/Inst_I2sCtl/Inst_I2sTxFifo/U0/inst_fifo_gen/gconvfifo.rf/grf.rf/gntv_or_sync_fifo.gcx.clkx/wr_pntr_cdc_inst/src_gray_ff_reg[2]} \
          {design_1_i/d_axi_i2s_audio_0/U0/d_axi_i2s_audio_v2_0_AXI_L_inst/Inst_I2sCtl/Inst_I2sTxFifo/U0/inst_fifo_gen/gconvfifo.rf/grf.rf/gntv_or_sync_fifo.gcx.clkx/wr_pntr_cdc_inst/src_gray_ff_reg[3]} \
          {design_1_i/d_axi_i2s_audio_0/U0/d_axi_i2s_audio_v2_0_AXI_L_inst/Inst_I2sCtl/Inst_I2sTxFifo/U0/inst_fifo_gen/gconvfifo.rf/grf.rf/gntv_or_sync_fifo.gcx.clkx/wr_pntr_cdc_inst/src_gray_ff_reg[4]} \
          {design_1_i/d_axi_i2s_audio_0/U0/d_axi_i2s_audio_v2_0_AXI_L_inst/Inst_I2sCtl/Inst_I2sTxFifo/U0/inst_fifo_gen/gconvfifo.rf/grf.rf/gntv_or_sync_fifo.gcx.clkx/wr_pntr_cdc_inst/src_gray_ff_reg[5]} \
          {design_1_i/d_axi_i2s_audio_0/U0/d_axi_i2s_audio_v2_0_AXI_L_inst/Inst_I2sCtl/Inst_I2sTxFifo/U0/inst_fifo_gen/gconvfifo.rf/grf.rf/gntv_or_sync_fifo.gcx.clkx/wr_pntr_cdc_inst/src_gray_ff_reg[6]} \
          {design_1_i/d_axi_i2s_audio_0/U0/d_axi_i2s_audio_v2_0_AXI_L_inst/Inst_I2sCtl/Inst_I2sTxFifo/U0/inst_fifo_gen/gconvfifo.rf/grf.rf/gntv_or_sync_fifo.gcx.clkx/wr_pntr_cdc_inst/src_gray_ff_reg[7]} \
          {design_1_i/d_axi_i2s_audio_0/U0/d_axi_i2s_audio_v2_0_AXI_L_inst/Inst_I2sCtl/Inst_I2sTxFifo/U0/inst_fifo_gen/gconvfifo.rf/grf.rf/gntv_or_sync_fifo.gcx.clkx/wr_pntr_cdc_inst/src_gray_ff_reg[8]} \
          {design_1_i/d_axi_i2s_audio_0/U0/d_axi_i2s_audio_v2_0_AXI_L_inst/Inst_I2sCtl/Inst_I2sTxFifo/U0/inst_fifo_gen/gconvfifo.rf/grf.rf/gntv_or_sync_fifo.gcx.clkx/wr_pntr_cdc_inst/src_gray_ff_reg[9]}]] -to [get_cells [list {design_1_i/d_axi_i2s_audio_0/U0/d_axi_i2s_audio_v2_0_AXI_L_inst/Inst_I2sCtl/Inst_I2sTxFifo/U0/inst_fifo_gen/gconvfifo.rf/grf.rf/gntv_or_sync_fifo.gcx.clkx/wr_pntr_cdc_inst/dest_graysync_ff_reg[0][0]} \
          {design_1_i/d_axi_i2s_audio_0/U0/d_axi_i2s_audio_v2_0_AXI_L_inst/Inst_I2sCtl/Inst_I2sTxFifo/U0/inst_fifo_gen/gconvfifo.rf/grf.rf/gntv_or_sync_fifo.gcx.clkx/wr_pntr_cdc_inst/dest_graysync_ff_reg[0][10]} \
          {design_1_i/d_axi_i2s_audio_0/U0/d_axi_i2s_audio_v2_0_AXI_L_inst/Inst_I2sCtl/Inst_I2sTxFifo/U0/inst_fifo_gen/gconvfifo.rf/grf.rf/gntv_or_sync_fifo.gcx.clkx/wr_pntr_cdc_inst/dest_graysync_ff_reg[0][11]} \
          {design_1_i/d_axi_i2s_audio_0/U0/d_axi_i2s_audio_v2_0_AXI_L_inst/Inst_I2sCtl/Inst_I2sTxFifo/U0/inst_fifo_gen/gconvfifo.rf/grf.rf/gntv_or_sync_fifo.gcx.clkx/wr_pntr_cdc_inst/dest_graysync_ff_reg[0][1]} \
          {design_1_i/d_axi_i2s_audio_0/U0/d_axi_i2s_audio_v2_0_AXI_L_inst/Inst_I2sCtl/Inst_I2sTxFifo/U0/inst_fifo_gen/gconvfifo.rf/grf.rf/gntv_or_sync_fifo.gcx.clkx/wr_pntr_cdc_inst/dest_graysync_ff_reg[0][2]} \
          {design_1_i/d_axi_i2s_audio_0/U0/d_axi_i2s_audio_v2_0_AXI_L_inst/Inst_I2sCtl/Inst_I2sTxFifo/U0/inst_fifo_gen/gconvfifo.rf/grf.rf/gntv_or_sync_fifo.gcx.clkx/wr_pntr_cdc_inst/dest_graysync_ff_reg[0][3]} \
          {design_1_i/d_axi_i2s_audio_0/U0/d_axi_i2s_audio_v2_0_AXI_L_inst/Inst_I2sCtl/Inst_I2sTxFifo/U0/inst_fifo_gen/gconvfifo.rf/grf.rf/gntv_or_sync_fifo.gcx.clkx/wr_pntr_cdc_inst/dest_graysync_ff_reg[0][4]} \
          {design_1_i/d_axi_i2s_audio_0/U0/d_axi_i2s_audio_v2_0_AXI_L_inst/Inst_I2sCtl/Inst_I2sTxFifo/U0/inst_fifo_gen/gconvfifo.rf/grf.rf/gntv_or_sync_fifo.gcx.clkx/wr_pntr_cdc_inst/dest_graysync_ff_reg[0][5]} \
          {design_1_i/d_axi_i2s_audio_0/U0/d_axi_i2s_audio_v2_0_AXI_L_inst/Inst_I2sCtl/Inst_I2sTxFifo/U0/inst_fifo_gen/gconvfifo.rf/grf.rf/gntv_or_sync_fifo.gcx.clkx/wr_pntr_cdc_inst/dest_graysync_ff_reg[0][6]} \
          {design_1_i/d_axi_i2s_audio_0/U0/d_axi_i2s_audio_v2_0_AXI_L_inst/Inst_I2sCtl/Inst_I2sTxFifo/U0/inst_fifo_gen/gconvfifo.rf/grf.rf/gntv_or_sync_fifo.gcx.clkx/wr_pntr_cdc_inst/dest_graysync_ff_reg[0][7]} \
          {design_1_i/d_axi_i2s_audio_0/U0/d_axi_i2s_audio_v2_0_AXI_L_inst/Inst_I2sCtl/Inst_I2sTxFifo/U0/inst_fifo_gen/gconvfifo.rf/grf.rf/gntv_or_sync_fifo.gcx.clkx/wr_pntr_cdc_inst/dest_graysync_ff_reg[0][8]} \
          {design_1_i/d_axi_i2s_audio_0/U0/d_axi_i2s_audio_v2_0_AXI_L_inst/Inst_I2sCtl/Inst_I2sTxFifo/U0/inst_fifo_gen/gconvfifo.rf/grf.rf/gntv_or_sync_fifo.gcx.clkx/wr_pntr_cdc_inst/dest_graysync_ff_reg[0][9]}]] 10.000
Requirement: 10.000ns
Endpoints: 12

From Clock            To Clock              Endpoint Pin                    Reference Pin                   Corner  Actual(ns)  Slack(ns)
--------------------  --------------------  ------------------------------  ------------------------------  ------  ----------  ---------
clk_fpga_0            clkout0               design_1_i/d_axi_i2s_audio_0/U0/d_axi_i2s_audio_v2_0_AXI_L_inst/Inst_I2sCtl/Inst_I2sTxFifo/U0/inst_fifo_gen/gconvfifo.rf/grf.rf/gntv_or_sync_fifo.gcx.clkx/wr_pntr_cdc_inst/dest_graysync_ff_reg[0][5]/D
                                                                            design_1_i/d_axi_i2s_audio_0/U0/d_axi_i2s_audio_v2_0_AXI_L_inst/Inst_I2sCtl/Inst_I2sTxFifo/U0/inst_fifo_gen/gconvfifo.rf/grf.rf/gntv_or_sync_fifo.gcx.clkx/wr_pntr_cdc_inst/dest_graysync_ff_reg[0][10]/D
                                                                                                            Slow         0.883      9.117


Slack (MET) :             9.117ns  (requirement - actual skew)
  Endpoint Source:        design_1_i/d_axi_i2s_audio_0/U0/d_axi_i2s_audio_v2_0_AXI_L_inst/Inst_I2sCtl/Inst_I2sTxFifo/U0/inst_fifo_gen/gconvfifo.rf/grf.rf/gntv_or_sync_fifo.gcx.clkx/wr_pntr_cdc_inst/src_gray_ff_reg[5]/C
                            (rising edge-triggered cell FDRE clocked by clk_fpga_0)
  Endpoint Destination:   design_1_i/d_axi_i2s_audio_0/U0/d_axi_i2s_audio_v2_0_AXI_L_inst/Inst_I2sCtl/Inst_I2sTxFifo/U0/inst_fifo_gen/gconvfifo.rf/grf.rf/gntv_or_sync_fifo.gcx.clkx/wr_pntr_cdc_inst/dest_graysync_ff_reg[0][5]/D
                            (rising edge-triggered cell FDRE clocked by clkout0)
  Reference Source:       design_1_i/d_axi_i2s_audio_0/U0/d_axi_i2s_audio_v2_0_AXI_L_inst/Inst_I2sCtl/Inst_I2sTxFifo/U0/inst_fifo_gen/gconvfifo.rf/grf.rf/gntv_or_sync_fifo.gcx.clkx/wr_pntr_cdc_inst/src_gray_ff_reg[10]/C
                            (rising edge-triggered cell FDRE clocked by clk_fpga_0)
  Reference Destination:  design_1_i/d_axi_i2s_audio_0/U0/d_axi_i2s_audio_v2_0_AXI_L_inst/Inst_I2sCtl/Inst_I2sTxFifo/U0/inst_fifo_gen/gconvfifo.rf/grf.rf/gntv_or_sync_fifo.gcx.clkx/wr_pntr_cdc_inst/dest_graysync_ff_reg[0][10]/D
                            (rising edge-triggered cell FDRE clocked by clkout0)
  Path Type:              Bus Skew (Max at Slow Process Corner)
  Requirement:            10.000ns
  Endpoint Relative Delay:   -1.834ns
  Reference Relative Delay:  -3.314ns
  Relative CRPR:              0.597ns
  Actual Bus Skew:            0.883ns  (Endpoint Relative Delay - Reference Relative Delay - Relative CRPR)

Endpoint path:
    Location             Delay type                Incr(ns)  Path(ns)    Netlist Resource(s)
  -------------------------------------------------------------------    -------------------
                         (clock clk_fpga_0 rise edge)
                                                      0.000     0.000 r  
    PS7_X0Y0             PS7                          0.000     0.000 r  design_1_i/processing_system7_0/inst/PS7_i/FCLKCLK[0]
                         net (fo=1, routed)           1.207     1.207    design_1_i/processing_system7_0/inst/FCLK_CLK_unbuffered[0]
    BUFGCTRL_X0Y0        BUFG (Prop_bufg_I_O)         0.101     1.308 r  design_1_i/processing_system7_0/inst/buffer_fclk_clk_0.FCLK_CLK_0_BUFG/O
                         net (fo=5020, routed)        1.664     2.972    design_1_i/d_axi_i2s_audio_0/U0/d_axi_i2s_audio_v2_0_AXI_L_inst/Inst_I2sCtl/Inst_I2sTxFifo/U0/inst_fifo_gen/gconvfifo.rf/grf.rf/gntv_or_sync_fifo.gcx.clkx/wr_pntr_cdc_inst/src_clk
    SLICE_X27Y17         FDRE                                         r  design_1_i/d_axi_i2s_audio_0/U0/d_axi_i2s_audio_v2_0_AXI_L_inst/Inst_I2sCtl/Inst_I2sTxFifo/U0/inst_fifo_gen/gconvfifo.rf/grf.rf/gntv_or_sync_fifo.gcx.clkx/wr_pntr_cdc_inst/src_gray_ff_reg[5]/C
  -------------------------------------------------------------------    -------------------
    SLICE_X27Y17         FDRE (Prop_fdre_C_Q)         0.419     3.391 r  design_1_i/d_axi_i2s_audio_0/U0/d_axi_i2s_audio_v2_0_AXI_L_inst/Inst_I2sCtl/Inst_I2sTxFifo/U0/inst_fifo_gen/gconvfifo.rf/grf.rf/gntv_or_sync_fifo.gcx.clkx/wr_pntr_cdc_inst/src_gray_ff_reg[5]/Q
                         net (fo=1, routed)           0.582     3.973    design_1_i/d_axi_i2s_audio_0/U0/d_axi_i2s_audio_v2_0_AXI_L_inst/Inst_I2sCtl/Inst_I2sTxFifo/U0/inst_fifo_gen/gconvfifo.rf/grf.rf/gntv_or_sync_fifo.gcx.clkx/wr_pntr_cdc_inst/async_path[5]
    SLICE_X27Y18         FDRE                                         r  design_1_i/d_axi_i2s_audio_0/U0/d_axi_i2s_audio_v2_0_AXI_L_inst/Inst_I2sCtl/Inst_I2sTxFifo/U0/inst_fifo_gen/gconvfifo.rf/grf.rf/gntv_or_sync_fifo.gcx.clkx/wr_pntr_cdc_inst/dest_graysync_ff_reg[0][5]/D
  -------------------------------------------------------------------    -------------------

                         (clock clkout0 rise edge)    0.000     0.000 r  
    PS7_X0Y0             PS7                          0.000     0.000 r  design_1_i/processing_system7_0/inst/PS7_i/FCLKCLK[0]
                         net (fo=1, routed)           1.101     1.101    design_1_i/processing_system7_0/inst/FCLK_CLK_unbuffered[0]
    BUFGCTRL_X0Y0        BUFG (Prop_bufg_I_O)         0.091     1.192 r  design_1_i/processing_system7_0/inst/buffer_fclk_clk_0.FCLK_CLK_0_BUFG/O
                         net (fo=5020, routed)        1.509     2.701    design_1_i/d_axi_i2s_audio_0/U0/d_axi_i2s_audio_v2_0_AXI_L_inst/Inst_I2sCtl/Inst_Dcm/CLK_100MHZ_I
    PLLE2_ADV_X0Y0       PLLE2_ADV (Prop_plle2_adv_CLKIN1_CLKOUT0)
                                                      0.083     2.784 r  design_1_i/d_axi_i2s_audio_0/U0/d_axi_i2s_audio_v2_0_AXI_L_inst/Inst_I2sCtl/Inst_Dcm/plle2_adv_inst/CLKOUT0
                         net (fo=1, routed)           1.594     4.379    design_1_i/d_axi_i2s_audio_0/U0/d_axi_i2s_audio_v2_0_AXI_L_inst/Inst_I2sCtl/Inst_Dcm/clkout0
    BUFGCTRL_X0Y1        BUFG (Prop_bufg_I_O)         0.091     4.470 r  design_1_i/d_axi_i2s_audio_0/U0/d_axi_i2s_audio_v2_0_AXI_L_inst/Inst_I2sCtl/Inst_Dcm/clkout1_buf/O
                         net (fo=365, routed)         1.489     5.959    design_1_i/d_axi_i2s_audio_0/U0/d_axi_i2s_audio_v2_0_AXI_L_inst/Inst_I2sCtl/Inst_I2sTxFifo/U0/inst_fifo_gen/gconvfifo.rf/grf.rf/gntv_or_sync_fifo.gcx.clkx/wr_pntr_cdc_inst/dest_clk
    SLICE_X27Y18         FDRE                                         r  design_1_i/d_axi_i2s_audio_0/U0/d_axi_i2s_audio_v2_0_AXI_L_inst/Inst_I2sCtl/Inst_I2sTxFifo/U0/inst_fifo_gen/gconvfifo.rf/grf.rf/gntv_or_sync_fifo.gcx.clkx/wr_pntr_cdc_inst/dest_graysync_ff_reg[0][5]/C
                         clock pessimism              0.116     6.075    
    SLICE_X27Y18         FDRE (Setup_fdre_C_D)       -0.268     5.807    design_1_i/d_axi_i2s_audio_0/U0/d_axi_i2s_audio_v2_0_AXI_L_inst/Inst_I2sCtl/Inst_I2sTxFifo/U0/inst_fifo_gen/gconvfifo.rf/grf.rf/gntv_or_sync_fifo.gcx.clkx/wr_pntr_cdc_inst/dest_graysync_ff_reg[0][5]
  -------------------------------------------------------------------
                         data arrival                           3.973    
                         clock arrival                          5.807    
  -------------------------------------------------------------------
                         relative delay                        -1.834    

Reference path:
    Location             Delay type                Incr(ns)  Path(ns)    Netlist Resource(s)
  -------------------------------------------------------------------    -------------------
                         (clock clk_fpga_0 rise edge)
                                                      0.000     0.000 r  
    PS7_X0Y0             PS7                          0.000     0.000 r  design_1_i/processing_system7_0/inst/PS7_i/FCLKCLK[0]
                         net (fo=1, routed)           1.101     1.101    design_1_i/processing_system7_0/inst/FCLK_CLK_unbuffered[0]
    BUFGCTRL_X0Y0        BUFG (Prop_bufg_I_O)         0.091     1.192 r  design_1_i/processing_system7_0/inst/buffer_fclk_clk_0.FCLK_CLK_0_BUFG/O
                         net (fo=5020, routed)        1.489     2.681    design_1_i/d_axi_i2s_audio_0/U0/d_axi_i2s_audio_v2_0_AXI_L_inst/Inst_I2sCtl/Inst_I2sTxFifo/U0/inst_fifo_gen/gconvfifo.rf/grf.rf/gntv_or_sync_fifo.gcx.clkx/wr_pntr_cdc_inst/src_clk
    SLICE_X29Y18         FDRE                                         r  design_1_i/d_axi_i2s_audio_0/U0/d_axi_i2s_audio_v2_0_AXI_L_inst/Inst_I2sCtl/Inst_I2sTxFifo/U0/inst_fifo_gen/gconvfifo.rf/grf.rf/gntv_or_sync_fifo.gcx.clkx/wr_pntr_cdc_inst/src_gray_ff_reg[10]/C
  -------------------------------------------------------------------    -------------------
    SLICE_X29Y18         FDRE (Prop_fdre_C_Q)         0.367     3.049 r  design_1_i/d_axi_i2s_audio_0/U0/d_axi_i2s_audio_v2_0_AXI_L_inst/Inst_I2sCtl/Inst_I2sTxFifo/U0/inst_fifo_gen/gconvfifo.rf/grf.rf/gntv_or_sync_fifo.gcx.clkx/wr_pntr_cdc_inst/src_gray_ff_reg[10]/Q
                         net (fo=1, routed)           0.368     3.417    design_1_i/d_axi_i2s_audio_0/U0/d_axi_i2s_audio_v2_0_AXI_L_inst/Inst_I2sCtl/Inst_I2sTxFifo/U0/inst_fifo_gen/gconvfifo.rf/grf.rf/gntv_or_sync_fifo.gcx.clkx/wr_pntr_cdc_inst/async_path[10]
    SLICE_X30Y18         FDRE                                         r  design_1_i/d_axi_i2s_audio_0/U0/d_axi_i2s_audio_v2_0_AXI_L_inst/Inst_I2sCtl/Inst_I2sTxFifo/U0/inst_fifo_gen/gconvfifo.rf/grf.rf/gntv_or_sync_fifo.gcx.clkx/wr_pntr_cdc_inst/dest_graysync_ff_reg[0][10]/D
  -------------------------------------------------------------------    -------------------

                         (clock clkout0 rise edge)    0.000     0.000 r  
    PS7_X0Y0             PS7                          0.000     0.000 r  design_1_i/processing_system7_0/inst/PS7_i/FCLKCLK[0]
                         net (fo=1, routed)           1.207     1.207    design_1_i/processing_system7_0/inst/FCLK_CLK_unbuffered[0]
    BUFGCTRL_X0Y0        BUFG (Prop_bufg_I_O)         0.101     1.308 r  design_1_i/processing_system7_0/inst/buffer_fclk_clk_0.FCLK_CLK_0_BUFG/O
                         net (fo=5020, routed)        1.702     3.010    design_1_i/d_axi_i2s_audio_0/U0/d_axi_i2s_audio_v2_0_AXI_L_inst/Inst_I2sCtl/Inst_Dcm/CLK_100MHZ_I
    PLLE2_ADV_X0Y0       PLLE2_ADV (Prop_plle2_adv_CLKIN1_CLKOUT0)
                                                      0.088     3.098 r  design_1_i/d_axi_i2s_audio_0/U0/d_axi_i2s_audio_v2_0_AXI_L_inst/Inst_I2sCtl/Inst_Dcm/plle2_adv_inst/CLKOUT0
                         net (fo=1, routed)           1.754     4.852    design_1_i/d_axi_i2s_audio_0/U0/d_axi_i2s_audio_v2_0_AXI_L_inst/Inst_I2sCtl/Inst_Dcm/clkout0
    BUFGCTRL_X0Y1        BUFG (Prop_bufg_I_O)         0.101     4.953 r  design_1_i/d_axi_i2s_audio_0/U0/d_axi_i2s_audio_v2_0_AXI_L_inst/Inst_I2sCtl/Inst_Dcm/clkout1_buf/O
                         net (fo=365, routed)         1.663     6.616    design_1_i/d_axi_i2s_audio_0/U0/d_axi_i2s_audio_v2_0_AXI_L_inst/Inst_I2sCtl/Inst_I2sTxFifo/U0/inst_fifo_gen/gconvfifo.rf/grf.rf/gntv_or_sync_fifo.gcx.clkx/wr_pntr_cdc_inst/dest_clk
    SLICE_X30Y18         FDRE                                         r  design_1_i/d_axi_i2s_audio_0/U0/d_axi_i2s_audio_v2_0_AXI_L_inst/Inst_I2sCtl/Inst_I2sTxFifo/U0/inst_fifo_gen/gconvfifo.rf/grf.rf/gntv_or_sync_fifo.gcx.clkx/wr_pntr_cdc_inst/dest_graysync_ff_reg[0][10]/C
                         clock pessimism             -0.116     6.500    
    SLICE_X30Y18         FDRE (Hold_fdre_C_D)         0.230     6.730    design_1_i/d_axi_i2s_audio_0/U0/d_axi_i2s_audio_v2_0_AXI_L_inst/Inst_I2sCtl/Inst_I2sTxFifo/U0/inst_fifo_gen/gconvfifo.rf/grf.rf/gntv_or_sync_fifo.gcx.clkx/wr_pntr_cdc_inst/dest_graysync_ff_reg[0][10]
  -------------------------------------------------------------------
                         data arrival                           3.417    
                         clock arrival                          6.730    
  -------------------------------------------------------------------
                         relative delay                        -3.314    



Id: 5
set_bus_skew -from [get_cells [list {design_1_i/d_axi_i2s_audio_0/U0/d_axi_i2s_audio_v2_0_AXI_L_inst/Inst_I2sCtl/Inst_I2sTxFifo/U0/inst_fifo_gen/gconvfifo.rf/grf.rf/gntv_or_sync_fifo.gcx.clkx/rd_pntr_cdc_inst/src_gray_ff_reg[0]} \
          {design_1_i/d_axi_i2s_audio_0/U0/d_axi_i2s_audio_v2_0_AXI_L_inst/Inst_I2sCtl/Inst_I2sTxFifo/U0/inst_fifo_gen/gconvfifo.rf/grf.rf/gntv_or_sync_fifo.gcx.clkx/rd_pntr_cdc_inst/src_gray_ff_reg[10]} \
          {design_1_i/d_axi_i2s_audio_0/U0/d_axi_i2s_audio_v2_0_AXI_L_inst/Inst_I2sCtl/Inst_I2sTxFifo/U0/inst_fifo_gen/gconvfifo.rf/grf.rf/gntv_or_sync_fifo.gcx.clkx/rd_pntr_cdc_inst/src_gray_ff_reg[11]} \
          {design_1_i/d_axi_i2s_audio_0/U0/d_axi_i2s_audio_v2_0_AXI_L_inst/Inst_I2sCtl/Inst_I2sTxFifo/U0/inst_fifo_gen/gconvfifo.rf/grf.rf/gntv_or_sync_fifo.gcx.clkx/rd_pntr_cdc_inst/src_gray_ff_reg[1]} \
          {design_1_i/d_axi_i2s_audio_0/U0/d_axi_i2s_audio_v2_0_AXI_L_inst/Inst_I2sCtl/Inst_I2sTxFifo/U0/inst_fifo_gen/gconvfifo.rf/grf.rf/gntv_or_sync_fifo.gcx.clkx/rd_pntr_cdc_inst/src_gray_ff_reg[2]} \
          {design_1_i/d_axi_i2s_audio_0/U0/d_axi_i2s_audio_v2_0_AXI_L_inst/Inst_I2sCtl/Inst_I2sTxFifo/U0/inst_fifo_gen/gconvfifo.rf/grf.rf/gntv_or_sync_fifo.gcx.clkx/rd_pntr_cdc_inst/src_gray_ff_reg[3]} \
          {design_1_i/d_axi_i2s_audio_0/U0/d_axi_i2s_audio_v2_0_AXI_L_inst/Inst_I2sCtl/Inst_I2sTxFifo/U0/inst_fifo_gen/gconvfifo.rf/grf.rf/gntv_or_sync_fifo.gcx.clkx/rd_pntr_cdc_inst/src_gray_ff_reg[4]} \
          {design_1_i/d_axi_i2s_audio_0/U0/d_axi_i2s_audio_v2_0_AXI_L_inst/Inst_I2sCtl/Inst_I2sTxFifo/U0/inst_fifo_gen/gconvfifo.rf/grf.rf/gntv_or_sync_fifo.gcx.clkx/rd_pntr_cdc_inst/src_gray_ff_reg[5]} \
          {design_1_i/d_axi_i2s_audio_0/U0/d_axi_i2s_audio_v2_0_AXI_L_inst/Inst_I2sCtl/Inst_I2sTxFifo/U0/inst_fifo_gen/gconvfifo.rf/grf.rf/gntv_or_sync_fifo.gcx.clkx/rd_pntr_cdc_inst/src_gray_ff_reg[6]} \
          {design_1_i/d_axi_i2s_audio_0/U0/d_axi_i2s_audio_v2_0_AXI_L_inst/Inst_I2sCtl/Inst_I2sTxFifo/U0/inst_fifo_gen/gconvfifo.rf/grf.rf/gntv_or_sync_fifo.gcx.clkx/rd_pntr_cdc_inst/src_gray_ff_reg[7]} \
          {design_1_i/d_axi_i2s_audio_0/U0/d_axi_i2s_audio_v2_0_AXI_L_inst/Inst_I2sCtl/Inst_I2sTxFifo/U0/inst_fifo_gen/gconvfifo.rf/grf.rf/gntv_or_sync_fifo.gcx.clkx/rd_pntr_cdc_inst/src_gray_ff_reg[8]} \
          {design_1_i/d_axi_i2s_audio_0/U0/d_axi_i2s_audio_v2_0_AXI_L_inst/Inst_I2sCtl/Inst_I2sTxFifo/U0/inst_fifo_gen/gconvfifo.rf/grf.rf/gntv_or_sync_fifo.gcx.clkx/rd_pntr_cdc_inst/src_gray_ff_reg[9]}]] -to [get_cells [list {design_1_i/d_axi_i2s_audio_0/U0/d_axi_i2s_audio_v2_0_AXI_L_inst/Inst_I2sCtl/Inst_I2sTxFifo/U0/inst_fifo_gen/gconvfifo.rf/grf.rf/gntv_or_sync_fifo.gcx.clkx/rd_pntr_cdc_inst/dest_graysync_ff_reg[0][0]} \
          {design_1_i/d_axi_i2s_audio_0/U0/d_axi_i2s_audio_v2_0_AXI_L_inst/Inst_I2sCtl/Inst_I2sTxFifo/U0/inst_fifo_gen/gconvfifo.rf/grf.rf/gntv_or_sync_fifo.gcx.clkx/rd_pntr_cdc_inst/dest_graysync_ff_reg[0][10]} \
          {design_1_i/d_axi_i2s_audio_0/U0/d_axi_i2s_audio_v2_0_AXI_L_inst/Inst_I2sCtl/Inst_I2sTxFifo/U0/inst_fifo_gen/gconvfifo.rf/grf.rf/gntv_or_sync_fifo.gcx.clkx/rd_pntr_cdc_inst/dest_graysync_ff_reg[0][11]} \
          {design_1_i/d_axi_i2s_audio_0/U0/d_axi_i2s_audio_v2_0_AXI_L_inst/Inst_I2sCtl/Inst_I2sTxFifo/U0/inst_fifo_gen/gconvfifo.rf/grf.rf/gntv_or_sync_fifo.gcx.clkx/rd_pntr_cdc_inst/dest_graysync_ff_reg[0][1]} \
          {design_1_i/d_axi_i2s_audio_0/U0/d_axi_i2s_audio_v2_0_AXI_L_inst/Inst_I2sCtl/Inst_I2sTxFifo/U0/inst_fifo_gen/gconvfifo.rf/grf.rf/gntv_or_sync_fifo.gcx.clkx/rd_pntr_cdc_inst/dest_graysync_ff_reg[0][2]} \
          {design_1_i/d_axi_i2s_audio_0/U0/d_axi_i2s_audio_v2_0_AXI_L_inst/Inst_I2sCtl/Inst_I2sTxFifo/U0/inst_fifo_gen/gconvfifo.rf/grf.rf/gntv_or_sync_fifo.gcx.clkx/rd_pntr_cdc_inst/dest_graysync_ff_reg[0][3]} \
          {design_1_i/d_axi_i2s_audio_0/U0/d_axi_i2s_audio_v2_0_AXI_L_inst/Inst_I2sCtl/Inst_I2sTxFifo/U0/inst_fifo_gen/gconvfifo.rf/grf.rf/gntv_or_sync_fifo.gcx.clkx/rd_pntr_cdc_inst/dest_graysync_ff_reg[0][4]} \
          {design_1_i/d_axi_i2s_audio_0/U0/d_axi_i2s_audio_v2_0_AXI_L_inst/Inst_I2sCtl/Inst_I2sTxFifo/U0/inst_fifo_gen/gconvfifo.rf/grf.rf/gntv_or_sync_fifo.gcx.clkx/rd_pntr_cdc_inst/dest_graysync_ff_reg[0][5]} \
          {design_1_i/d_axi_i2s_audio_0/U0/d_axi_i2s_audio_v2_0_AXI_L_inst/Inst_I2sCtl/Inst_I2sTxFifo/U0/inst_fifo_gen/gconvfifo.rf/grf.rf/gntv_or_sync_fifo.gcx.clkx/rd_pntr_cdc_inst/dest_graysync_ff_reg[0][6]} \
          {design_1_i/d_axi_i2s_audio_0/U0/d_axi_i2s_audio_v2_0_AXI_L_inst/Inst_I2sCtl/Inst_I2sTxFifo/U0/inst_fifo_gen/gconvfifo.rf/grf.rf/gntv_or_sync_fifo.gcx.clkx/rd_pntr_cdc_inst/dest_graysync_ff_reg[0][7]} \
          {design_1_i/d_axi_i2s_audio_0/U0/d_axi_i2s_audio_v2_0_AXI_L_inst/Inst_I2sCtl/Inst_I2sTxFifo/U0/inst_fifo_gen/gconvfifo.rf/grf.rf/gntv_or_sync_fifo.gcx.clkx/rd_pntr_cdc_inst/dest_graysync_ff_reg[0][8]} \
          {design_1_i/d_axi_i2s_audio_0/U0/d_axi_i2s_audio_v2_0_AXI_L_inst/Inst_I2sCtl/Inst_I2sTxFifo/U0/inst_fifo_gen/gconvfifo.rf/grf.rf/gntv_or_sync_fifo.gcx.clkx/rd_pntr_cdc_inst/dest_graysync_ff_reg[0][9]}]] 10.000
Requirement: 10.000ns
Endpoints: 12

From Clock            To Clock              Endpoint Pin                    Reference Pin                   Corner  Actual(ns)  Slack(ns)
--------------------  --------------------  ------------------------------  ------------------------------  ------  ----------  ---------
clkout0               clk_fpga_0            design_1_i/d_axi_i2s_audio_0/U0/d_axi_i2s_audio_v2_0_AXI_L_inst/Inst_I2sCtl/Inst_I2sTxFifo/U0/inst_fifo_gen/gconvfifo.rf/grf.rf/gntv_or_sync_fifo.gcx.clkx/rd_pntr_cdc_inst/dest_graysync_ff_reg[0][7]/D
                                                                            design_1_i/d_axi_i2s_audio_0/U0/d_axi_i2s_audio_v2_0_AXI_L_inst/Inst_I2sCtl/Inst_I2sTxFifo/U0/inst_fifo_gen/gconvfifo.rf/grf.rf/gntv_or_sync_fifo.gcx.clkx/rd_pntr_cdc_inst/dest_graysync_ff_reg[0][2]/D
                                                                                                            Slow         0.992      9.008


Slack (MET) :             9.008ns  (requirement - actual skew)
  Endpoint Source:        design_1_i/d_axi_i2s_audio_0/U0/d_axi_i2s_audio_v2_0_AXI_L_inst/Inst_I2sCtl/Inst_I2sTxFifo/U0/inst_fifo_gen/gconvfifo.rf/grf.rf/gntv_or_sync_fifo.gcx.clkx/rd_pntr_cdc_inst/src_gray_ff_reg[7]/C
                            (rising edge-triggered cell FDRE clocked by clkout0)
  Endpoint Destination:   design_1_i/d_axi_i2s_audio_0/U0/d_axi_i2s_audio_v2_0_AXI_L_inst/Inst_I2sCtl/Inst_I2sTxFifo/U0/inst_fifo_gen/gconvfifo.rf/grf.rf/gntv_or_sync_fifo.gcx.clkx/rd_pntr_cdc_inst/dest_graysync_ff_reg[0][7]/D
                            (rising edge-triggered cell FDRE clocked by clk_fpga_0)
  Reference Source:       design_1_i/d_axi_i2s_audio_0/U0/d_axi_i2s_audio_v2_0_AXI_L_inst/Inst_I2sCtl/Inst_I2sTxFifo/U0/inst_fifo_gen/gconvfifo.rf/grf.rf/gntv_or_sync_fifo.gcx.clkx/rd_pntr_cdc_inst/src_gray_ff_reg[2]/C
                            (rising edge-triggered cell FDRE clocked by clkout0)
  Reference Destination:  design_1_i/d_axi_i2s_audio_0/U0/d_axi_i2s_audio_v2_0_AXI_L_inst/Inst_I2sCtl/Inst_I2sTxFifo/U0/inst_fifo_gen/gconvfifo.rf/grf.rf/gntv_or_sync_fifo.gcx.clkx/rd_pntr_cdc_inst/dest_graysync_ff_reg[0][2]/D
                            (rising edge-triggered cell FDRE clocked by clk_fpga_0)
  Path Type:              Bus Skew (Max at Slow Process Corner)
  Requirement:            10.000ns
  Endpoint Relative Delay:    5.256ns
  Reference Relative Delay:   3.667ns
  Relative CRPR:              0.597ns
  Actual Bus Skew:            0.992ns  (Endpoint Relative Delay - Reference Relative Delay - Relative CRPR)

Endpoint path:
    Location             Delay type                Incr(ns)  Path(ns)    Netlist Resource(s)
  -------------------------------------------------------------------    -------------------
                         (clock clkout0 rise edge)    0.000     0.000 r  
    PS7_X0Y0             PS7                          0.000     0.000 r  design_1_i/processing_system7_0/inst/PS7_i/FCLKCLK[0]
                         net (fo=1, routed)           1.207     1.207    design_1_i/processing_system7_0/inst/FCLK_CLK_unbuffered[0]
    BUFGCTRL_X0Y0        BUFG (Prop_bufg_I_O)         0.101     1.308 r  design_1_i/processing_system7_0/inst/buffer_fclk_clk_0.FCLK_CLK_0_BUFG/O
                         net (fo=5020, routed)        1.702     3.010    design_1_i/d_axi_i2s_audio_0/U0/d_axi_i2s_audio_v2_0_AXI_L_inst/Inst_I2sCtl/Inst_Dcm/CLK_100MHZ_I
    PLLE2_ADV_X0Y0       PLLE2_ADV (Prop_plle2_adv_CLKIN1_CLKOUT0)
                                                      0.088     3.098 r  design_1_i/d_axi_i2s_audio_0/U0/d_axi_i2s_audio_v2_0_AXI_L_inst/Inst_I2sCtl/Inst_Dcm/plle2_adv_inst/CLKOUT0
                         net (fo=1, routed)           1.754     4.852    design_1_i/d_axi_i2s_audio_0/U0/d_axi_i2s_audio_v2_0_AXI_L_inst/Inst_I2sCtl/Inst_Dcm/clkout0
    BUFGCTRL_X0Y1        BUFG (Prop_bufg_I_O)         0.101     4.953 r  design_1_i/d_axi_i2s_audio_0/U0/d_axi_i2s_audio_v2_0_AXI_L_inst/Inst_I2sCtl/Inst_Dcm/clkout1_buf/O
                         net (fo=365, routed)         1.740     6.693    design_1_i/d_axi_i2s_audio_0/U0/d_axi_i2s_audio_v2_0_AXI_L_inst/Inst_I2sCtl/Inst_I2sTxFifo/U0/inst_fifo_gen/gconvfifo.rf/grf.rf/gntv_or_sync_fifo.gcx.clkx/rd_pntr_cdc_inst/src_clk
    SLICE_X36Y19         FDRE                                         r  design_1_i/d_axi_i2s_audio_0/U0/d_axi_i2s_audio_v2_0_AXI_L_inst/Inst_I2sCtl/Inst_I2sTxFifo/U0/inst_fifo_gen/gconvfifo.rf/grf.rf/gntv_or_sync_fifo.gcx.clkx/rd_pntr_cdc_inst/src_gray_ff_reg[7]/C
  -------------------------------------------------------------------    -------------------
    SLICE_X36Y19         FDRE (Prop_fdre_C_Q)         0.419     7.112 r  design_1_i/d_axi_i2s_audio_0/U0/d_axi_i2s_audio_v2_0_AXI_L_inst/Inst_I2sCtl/Inst_I2sTxFifo/U0/inst_fifo_gen/gconvfifo.rf/grf.rf/gntv_or_sync_fifo.gcx.clkx/rd_pntr_cdc_inst/src_gray_ff_reg[7]/Q
                         net (fo=1, routed)           0.748     7.860    design_1_i/d_axi_i2s_audio_0/U0/d_axi_i2s_audio_v2_0_AXI_L_inst/Inst_I2sCtl/Inst_I2sTxFifo/U0/inst_fifo_gen/gconvfifo.rf/grf.rf/gntv_or_sync_fifo.gcx.clkx/rd_pntr_cdc_inst/async_path[7]
    SLICE_X37Y19         FDRE                                         r  design_1_i/d_axi_i2s_audio_0/U0/d_axi_i2s_audio_v2_0_AXI_L_inst/Inst_I2sCtl/Inst_I2sTxFifo/U0/inst_fifo_gen/gconvfifo.rf/grf.rf/gntv_or_sync_fifo.gcx.clkx/rd_pntr_cdc_inst/dest_graysync_ff_reg[0][7]/D
  -------------------------------------------------------------------    -------------------

                         (clock clk_fpga_0 rise edge)
                                                      0.000     0.000 r  
    PS7_X0Y0             PS7                          0.000     0.000 r  design_1_i/processing_system7_0/inst/PS7_i/FCLKCLK[0]
                         net (fo=1, routed)           1.101     1.101    design_1_i/processing_system7_0/inst/FCLK_CLK_unbuffered[0]
    BUFGCTRL_X0Y0        BUFG (Prop_bufg_I_O)         0.091     1.192 r  design_1_i/processing_system7_0/inst/buffer_fclk_clk_0.FCLK_CLK_0_BUFG/O
                         net (fo=5020, routed)        1.564     2.756    design_1_i/d_axi_i2s_audio_0/U0/d_axi_i2s_audio_v2_0_AXI_L_inst/Inst_I2sCtl/Inst_I2sTxFifo/U0/inst_fifo_gen/gconvfifo.rf/grf.rf/gntv_or_sync_fifo.gcx.clkx/rd_pntr_cdc_inst/dest_clk
    SLICE_X37Y19         FDRE                                         r  design_1_i/d_axi_i2s_audio_0/U0/d_axi_i2s_audio_v2_0_AXI_L_inst/Inst_I2sCtl/Inst_I2sTxFifo/U0/inst_fifo_gen/gconvfifo.rf/grf.rf/gntv_or_sync_fifo.gcx.clkx/rd_pntr_cdc_inst/dest_graysync_ff_reg[0][7]/C
                         clock pessimism              0.116     2.872    
    SLICE_X37Y19         FDRE (Setup_fdre_C_D)       -0.268     2.604    design_1_i/d_axi_i2s_audio_0/U0/d_axi_i2s_audio_v2_0_AXI_L_inst/Inst_I2sCtl/Inst_I2sTxFifo/U0/inst_fifo_gen/gconvfifo.rf/grf.rf/gntv_or_sync_fifo.gcx.clkx/rd_pntr_cdc_inst/dest_graysync_ff_reg[0][7]
  -------------------------------------------------------------------
                         data arrival                           7.860    
                         clock arrival                          2.604    
  -------------------------------------------------------------------
                         relative delay                         5.256    

Reference path:
    Location             Delay type                Incr(ns)  Path(ns)    Netlist Resource(s)
  -------------------------------------------------------------------    -------------------
                         (clock clkout0 rise edge)    0.000     0.000 r  
    PS7_X0Y0             PS7                          0.000     0.000 r  design_1_i/processing_system7_0/inst/PS7_i/FCLKCLK[0]
                         net (fo=1, routed)           1.101     1.101    design_1_i/processing_system7_0/inst/FCLK_CLK_unbuffered[0]
    BUFGCTRL_X0Y0        BUFG (Prop_bufg_I_O)         0.091     1.192 r  design_1_i/processing_system7_0/inst/buffer_fclk_clk_0.FCLK_CLK_0_BUFG/O
                         net (fo=5020, routed)        1.509     2.701    design_1_i/d_axi_i2s_audio_0/U0/d_axi_i2s_audio_v2_0_AXI_L_inst/Inst_I2sCtl/Inst_Dcm/CLK_100MHZ_I
    PLLE2_ADV_X0Y0       PLLE2_ADV (Prop_plle2_adv_CLKIN1_CLKOUT0)
                                                      0.083     2.784 r  design_1_i/d_axi_i2s_audio_0/U0/d_axi_i2s_audio_v2_0_AXI_L_inst/Inst_I2sCtl/Inst_Dcm/plle2_adv_inst/CLKOUT0
                         net (fo=1, routed)           1.594     4.379    design_1_i/d_axi_i2s_audio_0/U0/d_axi_i2s_audio_v2_0_AXI_L_inst/Inst_I2sCtl/Inst_Dcm/clkout0
    BUFGCTRL_X0Y1        BUFG (Prop_bufg_I_O)         0.091     4.470 r  design_1_i/d_axi_i2s_audio_0/U0/d_axi_i2s_audio_v2_0_AXI_L_inst/Inst_I2sCtl/Inst_Dcm/clkout1_buf/O
                         net (fo=365, routed)         1.490     5.960    design_1_i/d_axi_i2s_audio_0/U0/d_axi_i2s_audio_v2_0_AXI_L_inst/Inst_I2sCtl/Inst_I2sTxFifo/U0/inst_fifo_gen/gconvfifo.rf/grf.rf/gntv_or_sync_fifo.gcx.clkx/rd_pntr_cdc_inst/src_clk
    SLICE_X34Y18         FDRE                                         r  design_1_i/d_axi_i2s_audio_0/U0/d_axi_i2s_audio_v2_0_AXI_L_inst/Inst_I2sCtl/Inst_I2sTxFifo/U0/inst_fifo_gen/gconvfifo.rf/grf.rf/gntv_or_sync_fifo.gcx.clkx/rd_pntr_cdc_inst/src_gray_ff_reg[2]/C
  -------------------------------------------------------------------    -------------------
    SLICE_X34Y18         FDRE (Prop_fdre_C_Q)         0.418     6.378 r  design_1_i/d_axi_i2s_audio_0/U0/d_axi_i2s_audio_v2_0_AXI_L_inst/Inst_I2sCtl/Inst_I2sTxFifo/U0/inst_fifo_gen/gconvfifo.rf/grf.rf/gntv_or_sync_fifo.gcx.clkx/rd_pntr_cdc_inst/src_gray_ff_reg[2]/Q
                         net (fo=1, routed)           0.380     6.758    design_1_i/d_axi_i2s_audio_0/U0/d_axi_i2s_audio_v2_0_AXI_L_inst/Inst_I2sCtl/Inst_I2sTxFifo/U0/inst_fifo_gen/gconvfifo.rf/grf.rf/gntv_or_sync_fifo.gcx.clkx/rd_pntr_cdc_inst/async_path[2]
    SLICE_X34Y16         FDRE                                         r  design_1_i/d_axi_i2s_audio_0/U0/d_axi_i2s_audio_v2_0_AXI_L_inst/Inst_I2sCtl/Inst_I2sTxFifo/U0/inst_fifo_gen/gconvfifo.rf/grf.rf/gntv_or_sync_fifo.gcx.clkx/rd_pntr_cdc_inst/dest_graysync_ff_reg[0][2]/D
  -------------------------------------------------------------------    -------------------

                         (clock clk_fpga_0 rise edge)
                                                      0.000     0.000 r  
    PS7_X0Y0             PS7                          0.000     0.000 r  design_1_i/processing_system7_0/inst/PS7_i/FCLKCLK[0]
                         net (fo=1, routed)           1.207     1.207    design_1_i/processing_system7_0/inst/FCLK_CLK_unbuffered[0]
    BUFGCTRL_X0Y0        BUFG (Prop_bufg_I_O)         0.101     1.308 r  design_1_i/processing_system7_0/inst/buffer_fclk_clk_0.FCLK_CLK_0_BUFG/O
                         net (fo=5020, routed)        1.666     2.974    design_1_i/d_axi_i2s_audio_0/U0/d_axi_i2s_audio_v2_0_AXI_L_inst/Inst_I2sCtl/Inst_I2sTxFifo/U0/inst_fifo_gen/gconvfifo.rf/grf.rf/gntv_or_sync_fifo.gcx.clkx/rd_pntr_cdc_inst/dest_clk
    SLICE_X34Y16         FDRE                                         r  design_1_i/d_axi_i2s_audio_0/U0/d_axi_i2s_audio_v2_0_AXI_L_inst/Inst_I2sCtl/Inst_I2sTxFifo/U0/inst_fifo_gen/gconvfifo.rf/grf.rf/gntv_or_sync_fifo.gcx.clkx/rd_pntr_cdc_inst/dest_graysync_ff_reg[0][2]/C
                         clock pessimism             -0.116     2.858    
    SLICE_X34Y16         FDRE (Hold_fdre_C_D)         0.233     3.091    design_1_i/d_axi_i2s_audio_0/U0/d_axi_i2s_audio_v2_0_AXI_L_inst/Inst_I2sCtl/Inst_I2sTxFifo/U0/inst_fifo_gen/gconvfifo.rf/grf.rf/gntv_or_sync_fifo.gcx.clkx/rd_pntr_cdc_inst/dest_graysync_ff_reg[0][2]
  -------------------------------------------------------------------
                         data arrival                           6.758    
                         clock arrival                          3.091    
  -------------------------------------------------------------------
                         relative delay                         3.667    



Id: 6
set_bus_skew -from [get_cells [list {design_1_i/d_axi_i2s_audio_0/U0/d_axi_i2s_audio_v2_0_AXI_L_inst/Inst_I2sCtl/Inst_I2sRxFifo/U0/inst_fifo_gen/gconvfifo.rf/grf.rf/gntv_or_sync_fifo.gcx.clkx/wr_pntr_cdc_inst/src_gray_ff_reg[0]} \
          {design_1_i/d_axi_i2s_audio_0/U0/d_axi_i2s_audio_v2_0_AXI_L_inst/Inst_I2sCtl/Inst_I2sRxFifo/U0/inst_fifo_gen/gconvfifo.rf/grf.rf/gntv_or_sync_fifo.gcx.clkx/wr_pntr_cdc_inst/src_gray_ff_reg[10]} \
          {design_1_i/d_axi_i2s_audio_0/U0/d_axi_i2s_audio_v2_0_AXI_L_inst/Inst_I2sCtl/Inst_I2sRxFifo/U0/inst_fifo_gen/gconvfifo.rf/grf.rf/gntv_or_sync_fifo.gcx.clkx/wr_pntr_cdc_inst/src_gray_ff_reg[11]} \
          {design_1_i/d_axi_i2s_audio_0/U0/d_axi_i2s_audio_v2_0_AXI_L_inst/Inst_I2sCtl/Inst_I2sRxFifo/U0/inst_fifo_gen/gconvfifo.rf/grf.rf/gntv_or_sync_fifo.gcx.clkx/wr_pntr_cdc_inst/src_gray_ff_reg[1]} \
          {design_1_i/d_axi_i2s_audio_0/U0/d_axi_i2s_audio_v2_0_AXI_L_inst/Inst_I2sCtl/Inst_I2sRxFifo/U0/inst_fifo_gen/gconvfifo.rf/grf.rf/gntv_or_sync_fifo.gcx.clkx/wr_pntr_cdc_inst/src_gray_ff_reg[2]} \
          {design_1_i/d_axi_i2s_audio_0/U0/d_axi_i2s_audio_v2_0_AXI_L_inst/Inst_I2sCtl/Inst_I2sRxFifo/U0/inst_fifo_gen/gconvfifo.rf/grf.rf/gntv_or_sync_fifo.gcx.clkx/wr_pntr_cdc_inst/src_gray_ff_reg[3]} \
          {design_1_i/d_axi_i2s_audio_0/U0/d_axi_i2s_audio_v2_0_AXI_L_inst/Inst_I2sCtl/Inst_I2sRxFifo/U0/inst_fifo_gen/gconvfifo.rf/grf.rf/gntv_or_sync_fifo.gcx.clkx/wr_pntr_cdc_inst/src_gray_ff_reg[4]} \
          {design_1_i/d_axi_i2s_audio_0/U0/d_axi_i2s_audio_v2_0_AXI_L_inst/Inst_I2sCtl/Inst_I2sRxFifo/U0/inst_fifo_gen/gconvfifo.rf/grf.rf/gntv_or_sync_fifo.gcx.clkx/wr_pntr_cdc_inst/src_gray_ff_reg[5]} \
          {design_1_i/d_axi_i2s_audio_0/U0/d_axi_i2s_audio_v2_0_AXI_L_inst/Inst_I2sCtl/Inst_I2sRxFifo/U0/inst_fifo_gen/gconvfifo.rf/grf.rf/gntv_or_sync_fifo.gcx.clkx/wr_pntr_cdc_inst/src_gray_ff_reg[6]} \
          {design_1_i/d_axi_i2s_audio_0/U0/d_axi_i2s_audio_v2_0_AXI_L_inst/Inst_I2sCtl/Inst_I2sRxFifo/U0/inst_fifo_gen/gconvfifo.rf/grf.rf/gntv_or_sync_fifo.gcx.clkx/wr_pntr_cdc_inst/src_gray_ff_reg[7]} \
          {design_1_i/d_axi_i2s_audio_0/U0/d_axi_i2s_audio_v2_0_AXI_L_inst/Inst_I2sCtl/Inst_I2sRxFifo/U0/inst_fifo_gen/gconvfifo.rf/grf.rf/gntv_or_sync_fifo.gcx.clkx/wr_pntr_cdc_inst/src_gray_ff_reg[8]} \
          {design_1_i/d_axi_i2s_audio_0/U0/d_axi_i2s_audio_v2_0_AXI_L_inst/Inst_I2sCtl/Inst_I2sRxFifo/U0/inst_fifo_gen/gconvfifo.rf/grf.rf/gntv_or_sync_fifo.gcx.clkx/wr_pntr_cdc_inst/src_gray_ff_reg[9]}]] -to [get_cells [list {design_1_i/d_axi_i2s_audio_0/U0/d_axi_i2s_audio_v2_0_AXI_L_inst/Inst_I2sCtl/Inst_I2sRxFifo/U0/inst_fifo_gen/gconvfifo.rf/grf.rf/gntv_or_sync_fifo.gcx.clkx/wr_pntr_cdc_inst/dest_graysync_ff_reg[0][0]} \
          {design_1_i/d_axi_i2s_audio_0/U0/d_axi_i2s_audio_v2_0_AXI_L_inst/Inst_I2sCtl/Inst_I2sRxFifo/U0/inst_fifo_gen/gconvfifo.rf/grf.rf/gntv_or_sync_fifo.gcx.clkx/wr_pntr_cdc_inst/dest_graysync_ff_reg[0][10]} \
          {design_1_i/d_axi_i2s_audio_0/U0/d_axi_i2s_audio_v2_0_AXI_L_inst/Inst_I2sCtl/Inst_I2sRxFifo/U0/inst_fifo_gen/gconvfifo.rf/grf.rf/gntv_or_sync_fifo.gcx.clkx/wr_pntr_cdc_inst/dest_graysync_ff_reg[0][11]} \
          {design_1_i/d_axi_i2s_audio_0/U0/d_axi_i2s_audio_v2_0_AXI_L_inst/Inst_I2sCtl/Inst_I2sRxFifo/U0/inst_fifo_gen/gconvfifo.rf/grf.rf/gntv_or_sync_fifo.gcx.clkx/wr_pntr_cdc_inst/dest_graysync_ff_reg[0][1]} \
          {design_1_i/d_axi_i2s_audio_0/U0/d_axi_i2s_audio_v2_0_AXI_L_inst/Inst_I2sCtl/Inst_I2sRxFifo/U0/inst_fifo_gen/gconvfifo.rf/grf.rf/gntv_or_sync_fifo.gcx.clkx/wr_pntr_cdc_inst/dest_graysync_ff_reg[0][2]} \
          {design_1_i/d_axi_i2s_audio_0/U0/d_axi_i2s_audio_v2_0_AXI_L_inst/Inst_I2sCtl/Inst_I2sRxFifo/U0/inst_fifo_gen/gconvfifo.rf/grf.rf/gntv_or_sync_fifo.gcx.clkx/wr_pntr_cdc_inst/dest_graysync_ff_reg[0][3]} \
          {design_1_i/d_axi_i2s_audio_0/U0/d_axi_i2s_audio_v2_0_AXI_L_inst/Inst_I2sCtl/Inst_I2sRxFifo/U0/inst_fifo_gen/gconvfifo.rf/grf.rf/gntv_or_sync_fifo.gcx.clkx/wr_pntr_cdc_inst/dest_graysync_ff_reg[0][4]} \
          {design_1_i/d_axi_i2s_audio_0/U0/d_axi_i2s_audio_v2_0_AXI_L_inst/Inst_I2sCtl/Inst_I2sRxFifo/U0/inst_fifo_gen/gconvfifo.rf/grf.rf/gntv_or_sync_fifo.gcx.clkx/wr_pntr_cdc_inst/dest_graysync_ff_reg[0][5]} \
          {design_1_i/d_axi_i2s_audio_0/U0/d_axi_i2s_audio_v2_0_AXI_L_inst/Inst_I2sCtl/Inst_I2sRxFifo/U0/inst_fifo_gen/gconvfifo.rf/grf.rf/gntv_or_sync_fifo.gcx.clkx/wr_pntr_cdc_inst/dest_graysync_ff_reg[0][6]} \
          {design_1_i/d_axi_i2s_audio_0/U0/d_axi_i2s_audio_v2_0_AXI_L_inst/Inst_I2sCtl/Inst_I2sRxFifo/U0/inst_fifo_gen/gconvfifo.rf/grf.rf/gntv_or_sync_fifo.gcx.clkx/wr_pntr_cdc_inst/dest_graysync_ff_reg[0][7]} \
          {design_1_i/d_axi_i2s_audio_0/U0/d_axi_i2s_audio_v2_0_AXI_L_inst/Inst_I2sCtl/Inst_I2sRxFifo/U0/inst_fifo_gen/gconvfifo.rf/grf.rf/gntv_or_sync_fifo.gcx.clkx/wr_pntr_cdc_inst/dest_graysync_ff_reg[0][8]} \
          {design_1_i/d_axi_i2s_audio_0/U0/d_axi_i2s_audio_v2_0_AXI_L_inst/Inst_I2sCtl/Inst_I2sRxFifo/U0/inst_fifo_gen/gconvfifo.rf/grf.rf/gntv_or_sync_fifo.gcx.clkx/wr_pntr_cdc_inst/dest_graysync_ff_reg[0][9]}]] 10.000
Requirement: 10.000ns
Endpoints: 12

From Clock            To Clock              Endpoint Pin                    Reference Pin                   Corner  Actual(ns)  Slack(ns)
--------------------  --------------------  ------------------------------  ------------------------------  ------  ----------  ---------
clkout0               clk_fpga_0            design_1_i/d_axi_i2s_audio_0/U0/d_axi_i2s_audio_v2_0_AXI_L_inst/Inst_I2sCtl/Inst_I2sRxFifo/U0/inst_fifo_gen/gconvfifo.rf/grf.rf/gntv_or_sync_fifo.gcx.clkx/wr_pntr_cdc_inst/dest_graysync_ff_reg[0][3]/D
                                                                            design_1_i/d_axi_i2s_audio_0/U0/d_axi_i2s_audio_v2_0_AXI_L_inst/Inst_I2sCtl/Inst_I2sRxFifo/U0/inst_fifo_gen/gconvfifo.rf/grf.rf/gntv_or_sync_fifo.gcx.clkx/wr_pntr_cdc_inst/dest_graysync_ff_reg[0][4]/D
                                                                                                            Slow         0.970      9.030


Slack (MET) :             9.030ns  (requirement - actual skew)
  Endpoint Source:        design_1_i/d_axi_i2s_audio_0/U0/d_axi_i2s_audio_v2_0_AXI_L_inst/Inst_I2sCtl/Inst_I2sRxFifo/U0/inst_fifo_gen/gconvfifo.rf/grf.rf/gntv_or_sync_fifo.gcx.clkx/wr_pntr_cdc_inst/src_gray_ff_reg[3]/C
                            (rising edge-triggered cell FDRE clocked by clkout0)
  Endpoint Destination:   design_1_i/d_axi_i2s_audio_0/U0/d_axi_i2s_audio_v2_0_AXI_L_inst/Inst_I2sCtl/Inst_I2sRxFifo/U0/inst_fifo_gen/gconvfifo.rf/grf.rf/gntv_or_sync_fifo.gcx.clkx/wr_pntr_cdc_inst/dest_graysync_ff_reg[0][3]/D
                            (rising edge-triggered cell FDRE clocked by clk_fpga_0)
  Reference Source:       design_1_i/d_axi_i2s_audio_0/U0/d_axi_i2s_audio_v2_0_AXI_L_inst/Inst_I2sCtl/Inst_I2sRxFifo/U0/inst_fifo_gen/gconvfifo.rf/grf.rf/gntv_or_sync_fifo.gcx.clkx/wr_pntr_cdc_inst/src_gray_ff_reg[4]/C
                            (rising edge-triggered cell FDRE clocked by clkout0)
  Reference Destination:  design_1_i/d_axi_i2s_audio_0/U0/d_axi_i2s_audio_v2_0_AXI_L_inst/Inst_I2sCtl/Inst_I2sRxFifo/U0/inst_fifo_gen/gconvfifo.rf/grf.rf/gntv_or_sync_fifo.gcx.clkx/wr_pntr_cdc_inst/dest_graysync_ff_reg[0][4]/D
                            (rising edge-triggered cell FDRE clocked by clk_fpga_0)
  Path Type:              Bus Skew (Max at Slow Process Corner)
  Requirement:            10.000ns
  Endpoint Relative Delay:    5.287ns
  Reference Relative Delay:   3.646ns
  Relative CRPR:              0.671ns
  Actual Bus Skew:            0.970ns  (Endpoint Relative Delay - Reference Relative Delay - Relative CRPR)

Endpoint path:
    Location             Delay type                Incr(ns)  Path(ns)    Netlist Resource(s)
  -------------------------------------------------------------------    -------------------
                         (clock clkout0 rise edge)    0.000     0.000 r  
    PS7_X0Y0             PS7                          0.000     0.000 r  design_1_i/processing_system7_0/inst/PS7_i/FCLKCLK[0]
                         net (fo=1, routed)           1.207     1.207    design_1_i/processing_system7_0/inst/FCLK_CLK_unbuffered[0]
    BUFGCTRL_X0Y0        BUFG (Prop_bufg_I_O)         0.101     1.308 r  design_1_i/processing_system7_0/inst/buffer_fclk_clk_0.FCLK_CLK_0_BUFG/O
                         net (fo=5020, routed)        1.702     3.010    design_1_i/d_axi_i2s_audio_0/U0/d_axi_i2s_audio_v2_0_AXI_L_inst/Inst_I2sCtl/Inst_Dcm/CLK_100MHZ_I
    PLLE2_ADV_X0Y0       PLLE2_ADV (Prop_plle2_adv_CLKIN1_CLKOUT0)
                                                      0.088     3.098 r  design_1_i/d_axi_i2s_audio_0/U0/d_axi_i2s_audio_v2_0_AXI_L_inst/Inst_I2sCtl/Inst_Dcm/plle2_adv_inst/CLKOUT0
                         net (fo=1, routed)           1.754     4.852    design_1_i/d_axi_i2s_audio_0/U0/d_axi_i2s_audio_v2_0_AXI_L_inst/Inst_I2sCtl/Inst_Dcm/clkout0
    BUFGCTRL_X0Y1        BUFG (Prop_bufg_I_O)         0.101     4.953 r  design_1_i/d_axi_i2s_audio_0/U0/d_axi_i2s_audio_v2_0_AXI_L_inst/Inst_I2sCtl/Inst_Dcm/clkout1_buf/O
                         net (fo=365, routed)         1.750     6.703    design_1_i/d_axi_i2s_audio_0/U0/d_axi_i2s_audio_v2_0_AXI_L_inst/Inst_I2sCtl/Inst_I2sRxFifo/U0/inst_fifo_gen/gconvfifo.rf/grf.rf/gntv_or_sync_fifo.gcx.clkx/wr_pntr_cdc_inst/src_clk
    SLICE_X39Y10         FDRE                                         r  design_1_i/d_axi_i2s_audio_0/U0/d_axi_i2s_audio_v2_0_AXI_L_inst/Inst_I2sCtl/Inst_I2sRxFifo/U0/inst_fifo_gen/gconvfifo.rf/grf.rf/gntv_or_sync_fifo.gcx.clkx/wr_pntr_cdc_inst/src_gray_ff_reg[3]/C
  -------------------------------------------------------------------    -------------------
    SLICE_X39Y10         FDRE (Prop_fdre_C_Q)         0.419     7.122 r  design_1_i/d_axi_i2s_audio_0/U0/d_axi_i2s_audio_v2_0_AXI_L_inst/Inst_I2sCtl/Inst_I2sRxFifo/U0/inst_fifo_gen/gconvfifo.rf/grf.rf/gntv_or_sync_fifo.gcx.clkx/wr_pntr_cdc_inst/src_gray_ff_reg[3]/Q
                         net (fo=1, routed)           0.776     7.898    design_1_i/d_axi_i2s_audio_0/U0/d_axi_i2s_audio_v2_0_AXI_L_inst/Inst_I2sCtl/Inst_I2sRxFifo/U0/inst_fifo_gen/gconvfifo.rf/grf.rf/gntv_or_sync_fifo.gcx.clkx/wr_pntr_cdc_inst/async_path[3]
    SLICE_X37Y10         FDRE                                         r  design_1_i/d_axi_i2s_audio_0/U0/d_axi_i2s_audio_v2_0_AXI_L_inst/Inst_I2sCtl/Inst_I2sRxFifo/U0/inst_fifo_gen/gconvfifo.rf/grf.rf/gntv_or_sync_fifo.gcx.clkx/wr_pntr_cdc_inst/dest_graysync_ff_reg[0][3]/D
  -------------------------------------------------------------------    -------------------

                         (clock clk_fpga_0 rise edge)
                                                      0.000     0.000 r  
    PS7_X0Y0             PS7                          0.000     0.000 r  design_1_i/processing_system7_0/inst/PS7_i/FCLKCLK[0]
                         net (fo=1, routed)           1.101     1.101    design_1_i/processing_system7_0/inst/FCLK_CLK_unbuffered[0]
    BUFGCTRL_X0Y0        BUFG (Prop_bufg_I_O)         0.091     1.192 r  design_1_i/processing_system7_0/inst/buffer_fclk_clk_0.FCLK_CLK_0_BUFG/O
                         net (fo=5020, routed)        1.573     2.765    design_1_i/d_axi_i2s_audio_0/U0/d_axi_i2s_audio_v2_0_AXI_L_inst/Inst_I2sCtl/Inst_I2sRxFifo/U0/inst_fifo_gen/gconvfifo.rf/grf.rf/gntv_or_sync_fifo.gcx.clkx/wr_pntr_cdc_inst/dest_clk
    SLICE_X37Y10         FDRE                                         r  design_1_i/d_axi_i2s_audio_0/U0/d_axi_i2s_audio_v2_0_AXI_L_inst/Inst_I2sCtl/Inst_I2sRxFifo/U0/inst_fifo_gen/gconvfifo.rf/grf.rf/gntv_or_sync_fifo.gcx.clkx/wr_pntr_cdc_inst/dest_graysync_ff_reg[0][3]/C
                         clock pessimism              0.116     2.881    
    SLICE_X37Y10         FDRE (Setup_fdre_C_D)       -0.270     2.611    design_1_i/d_axi_i2s_audio_0/U0/d_axi_i2s_audio_v2_0_AXI_L_inst/Inst_I2sCtl/Inst_I2sRxFifo/U0/inst_fifo_gen/gconvfifo.rf/grf.rf/gntv_or_sync_fifo.gcx.clkx/wr_pntr_cdc_inst/dest_graysync_ff_reg[0][3]
  -------------------------------------------------------------------
                         data arrival                           7.898    
                         clock arrival                          2.611    
  -------------------------------------------------------------------
                         relative delay                         5.287    

Reference path:
    Location             Delay type                Incr(ns)  Path(ns)    Netlist Resource(s)
  -------------------------------------------------------------------    -------------------
                         (clock clkout0 rise edge)    0.000     0.000 r  
    PS7_X0Y0             PS7                          0.000     0.000 r  design_1_i/processing_system7_0/inst/PS7_i/FCLKCLK[0]
                         net (fo=1, routed)           1.101     1.101    design_1_i/processing_system7_0/inst/FCLK_CLK_unbuffered[0]
    BUFGCTRL_X0Y0        BUFG (Prop_bufg_I_O)         0.091     1.192 r  design_1_i/processing_system7_0/inst/buffer_fclk_clk_0.FCLK_CLK_0_BUFG/O
                         net (fo=5020, routed)        1.509     2.701    design_1_i/d_axi_i2s_audio_0/U0/d_axi_i2s_audio_v2_0_AXI_L_inst/Inst_I2sCtl/Inst_Dcm/CLK_100MHZ_I
    PLLE2_ADV_X0Y0       PLLE2_ADV (Prop_plle2_adv_CLKIN1_CLKOUT0)
                                                      0.083     2.784 r  design_1_i/d_axi_i2s_audio_0/U0/d_axi_i2s_audio_v2_0_AXI_L_inst/Inst_I2sCtl/Inst_Dcm/plle2_adv_inst/CLKOUT0
                         net (fo=1, routed)           1.594     4.379    design_1_i/d_axi_i2s_audio_0/U0/d_axi_i2s_audio_v2_0_AXI_L_inst/Inst_I2sCtl/Inst_Dcm/clkout0
    BUFGCTRL_X0Y1        BUFG (Prop_bufg_I_O)         0.091     4.470 r  design_1_i/d_axi_i2s_audio_0/U0/d_axi_i2s_audio_v2_0_AXI_L_inst/Inst_I2sCtl/Inst_Dcm/clkout1_buf/O
                         net (fo=365, routed)         1.574     6.044    design_1_i/d_axi_i2s_audio_0/U0/d_axi_i2s_audio_v2_0_AXI_L_inst/Inst_I2sCtl/Inst_I2sRxFifo/U0/inst_fifo_gen/gconvfifo.rf/grf.rf/gntv_or_sync_fifo.gcx.clkx/wr_pntr_cdc_inst/src_clk
    SLICE_X39Y8          FDRE                                         r  design_1_i/d_axi_i2s_audio_0/U0/d_axi_i2s_audio_v2_0_AXI_L_inst/Inst_I2sCtl/Inst_I2sRxFifo/U0/inst_fifo_gen/gconvfifo.rf/grf.rf/gntv_or_sync_fifo.gcx.clkx/wr_pntr_cdc_inst/src_gray_ff_reg[4]/C
  -------------------------------------------------------------------    -------------------
    SLICE_X39Y8          FDRE (Prop_fdre_C_Q)         0.367     6.411 r  design_1_i/d_axi_i2s_audio_0/U0/d_axi_i2s_audio_v2_0_AXI_L_inst/Inst_I2sCtl/Inst_I2sRxFifo/U0/inst_fifo_gen/gconvfifo.rf/grf.rf/gntv_or_sync_fifo.gcx.clkx/wr_pntr_cdc_inst/src_gray_ff_reg[4]/Q
                         net (fo=1, routed)           0.408     6.819    design_1_i/d_axi_i2s_audio_0/U0/d_axi_i2s_audio_v2_0_AXI_L_inst/Inst_I2sCtl/Inst_I2sRxFifo/U0/inst_fifo_gen/gconvfifo.rf/grf.rf/gntv_or_sync_fifo.gcx.clkx/wr_pntr_cdc_inst/async_path[4]
    SLICE_X38Y9          FDRE                                         r  design_1_i/d_axi_i2s_audio_0/U0/d_axi_i2s_audio_v2_0_AXI_L_inst/Inst_I2sCtl/Inst_I2sRxFifo/U0/inst_fifo_gen/gconvfifo.rf/grf.rf/gntv_or_sync_fifo.gcx.clkx/wr_pntr_cdc_inst/dest_graysync_ff_reg[0][4]/D
  -------------------------------------------------------------------    -------------------

                         (clock clk_fpga_0 rise edge)
                                                      0.000     0.000 r  
    PS7_X0Y0             PS7                          0.000     0.000 r  design_1_i/processing_system7_0/inst/PS7_i/FCLKCLK[0]
                         net (fo=1, routed)           1.207     1.207    design_1_i/processing_system7_0/inst/FCLK_CLK_unbuffered[0]
    BUFGCTRL_X0Y0        BUFG (Prop_bufg_I_O)         0.101     1.308 r  design_1_i/processing_system7_0/inst/buffer_fclk_clk_0.FCLK_CLK_0_BUFG/O
                         net (fo=5020, routed)        1.750     3.058    design_1_i/d_axi_i2s_audio_0/U0/d_axi_i2s_audio_v2_0_AXI_L_inst/Inst_I2sCtl/Inst_I2sRxFifo/U0/inst_fifo_gen/gconvfifo.rf/grf.rf/gntv_or_sync_fifo.gcx.clkx/wr_pntr_cdc_inst/dest_clk
    SLICE_X38Y9          FDRE                                         r  design_1_i/d_axi_i2s_audio_0/U0/d_axi_i2s_audio_v2_0_AXI_L_inst/Inst_I2sCtl/Inst_I2sRxFifo/U0/inst_fifo_gen/gconvfifo.rf/grf.rf/gntv_or_sync_fifo.gcx.clkx/wr_pntr_cdc_inst/dest_graysync_ff_reg[0][4]/C
                         clock pessimism             -0.116     2.942    
    SLICE_X38Y9          FDRE (Hold_fdre_C_D)         0.231     3.173    design_1_i/d_axi_i2s_audio_0/U0/d_axi_i2s_audio_v2_0_AXI_L_inst/Inst_I2sCtl/Inst_I2sRxFifo/U0/inst_fifo_gen/gconvfifo.rf/grf.rf/gntv_or_sync_fifo.gcx.clkx/wr_pntr_cdc_inst/dest_graysync_ff_reg[0][4]
  -------------------------------------------------------------------
                         data arrival                           6.819    
                         clock arrival                          3.173    
  -------------------------------------------------------------------
                         relative delay                         3.646    



